EC number	KO
1.1.1.1	K00001
1.1.1.2	K00002
1.1.1.3	K00003
1.1.1.4	K00004
1.1.1.303	K00004
1.1.1.6	K00005
1.1.1.8	K00006
1.1.1.11	K00007
1.1.1.14	K00008
1.1.1.17	K00009
1.1.1.18	K00010
1.1.1.369	K00010
1.1.1.21	K00011
1.1.1.22	K00012
1.1.1.23	K00013
1.1.1.25	K00014
1.1.1.26	K00015
1.1.1.27	K00016
1.1.1.29	K00018
1.1.1.30	K00019
1.1.1.31	K00020
1.1.1.34	K00021
1.1.1.35	K00022
1.1.1.36	K00023
1.1.1.37	K00024
1.1.1.38	K00027
1.1.1.39	K00028
1.1.1.40	K00029
1.1.1.41	K00030
1.1.1.42	K00031
1.1.1.43	K00032
1.1.1.44	K00033
1.1.1.343	K00033
1.1.1.47	K00034
1.1.1.48	K00035
1.1.1.49	K00036
1.1.1.363	K00036
1.1.1.50	K00037
1.1.1.357	K00037
1.1.1.225	K00037
1.1.1.53	K00038
1.1.1.56	K00039
1.1.1.57	K00040
1.1.1.58	K00041
1.1.1.60	K00042
1.1.1.61	K00043
1.1.1.62	K00044
1.1.1.67	K00045
1.1.1.69	K00046
1.1.1.77	K00048
1.1.1.79	K00049
1.1.1.81	K00049
1.1.1.82	K00051
1.1.1.85	K00052
1.1.1.86	K00053
1.1.1.88	K00054
1.1.1.90	K00055
1.1.1.94	K00057
1.1.1.95	K00058
1.1.1.399	K00058
1.1.1.100	K00059
1.1.1.103	K00060
1.1.1.315	K00061
1.1.1.116	K00062
1.1.1.117	K00063
1.1.1.122	K00064
1.1.1.127	K00065
1.1.1.132	K00066
1.1.1.133	K00067
1.1.1.140	K00068
1.1.1.141	K00069
1.1.1.145	K00070
5.3.3.1	K00070
1.1.1.153	K00072
1.1.1.350	K00073
1.1.1.157	K00074
1.3.1.98	K00075
1.1.1.159	K00076
1.1.1.169	K00077
1.3.1.20	K00078
1.1.1.179	K00078
1.1.1.184	K00079
1.1.1.189	K00079
1.1.1.197	K00079
1.1.1.193	K00082
1.1.1.195	K00083
1.1.1.200	K00085
1.1.1.202	K00086
1.17.1.4	K00087
1.1.1.205	K00088
1.1.1.213	K00089
1.1.1.215	K00090
1.1.1.219	K00091
1.1.1.244	K00093
1.1.1.251	K00094
1.1.1.255	K00095
1.1.1.261	K00096
1.1.1.262	K00097
1.1.1.264	K00098
1.1.1.267	K00099
1.1.2.3	K00101
1.1.2.4	K00102
1.1.3.8	K00103
1.1.99.14	K00104
1.1.3.21	K00105
1.17.3.2	K00106
1.1.3.37	K00107
1.1.99.1	K00108
1.1.99.2	K00109
1.1.5.3	K00111
1.1.2.8	K00114
1.1.5.9	K00115
1.1.5.4	K00116
1.1.5.2	K00117
1.1.99.28	K00118
1.1.99.36	K00119
1.1.1.284	K00121
1.17.1.9	K00122
1.17.98.3	K00125
1.8.98.6	K00125
1.2.1.3	K00128
1.2.1.5	K00129
1.2.1.8	K00130
1.2.1.9	K00131
1.2.1.10	K00132
1.2.1.11	K00133
1.2.1.12	K00134
1.2.1.16	K00135
1.2.1.79	K00135
1.2.1.20	K00135
1.2.1.19	K00137
1.2.1.24	K00139
1.2.1.18	K00140
1.2.1.27	K00140
1.2.1.28	K00141
1.2.1.95	K00143
1.2.1.38	K00145
1.2.1.39	K00146
1.2.1.41	K00147
1.2.1.46	K00148
1.2.1.47	K00149
1.2.1.59	K00150
1.2.1.60	K00151
1.2.1.65	K00152
1.1.1.306	K00153
1.2.1.68	K00154
1.2.1.101	K00155
1.2.5.1	K00156
1.2.3.1	K00157
1.2.3.3	K00158
1.2.4.1	K00161
1.2.4.2	K00164
1.2.4.4	K00166
1.2.7.1	K00169
1.2.7.3	K00174
1.2.7.11	K00174
1.2.7.8	K00179
2.3.1.250	K00181
1.2.7.7	K00186
1.2.7.4	K00192
2.3.1.169	K00193
2.1.1.245	K00194
1.2.7.12	K00200
1.3.1.2	K00207
1.3.1.9	K00208
1.3.1.10	K00208
1.3.1.44	K00209
1.3.1.13	K00211
1.1.1.149	K00212
1.3.1.21	K00213
1.3.1.24	K00214
1.17.1.8	K00215
1.3.1.28	K00216
1.3.1.32	K00217
1.3.1.33	K00218
1.3.1.34	K00219
1.3.1.43	K00220
1.3.1.12	K00220
4.99.1.2	K00221
1.3.1.70	K00222
1.3.1.71	K00223
1.3.2.3	K00225
1.3.98.1	K00226
1.14.19.20	K00227
1.3.3.3	K00228
1.3.5.3	K00230
1.3.3.4	K00231
1.3.3.15	K00231
1.3.3.6	K00232
1.3.5.1	K00233
7.1.1.12	K00233
1.3.8.1	K00248
1.3.8.7	K00249
1.3.1.3	K00251
1.3.8.6	K00252
1.3.8.4	K00253
1.3.5.2	K00254
1.3.8.8	K00255
1.4.1.1	K00259
1.4.1.2	K00260
1.4.1.3	K00261
1.4.1.4	K00262
1.4.1.9	K00263
1.4.1.14	K00264
1.4.1.13	K00265
1.4.1.20	K00270
1.4.1.23	K00271
1.4.3.1	K00272
1.4.3.3	K00273
1.4.3.4	K00274
1.4.3.5	K00275
1.4.3.21	K00276
1.4.3.13	K00277
1.4.3.16	K00278
1.5.99.12	K00279
1.4.4.2	K00281
1.4.7.1	K00284
1.4.5.1	K00285
1.5.1.2	K00286
1.5.1.3	K00287
1.5.1.5	K00288
3.5.4.9	K00288
6.3.4.3	K00288
1.5.1.6	K00289
1.5.1.7	K00290
1.5.1.10	K00293
1.2.1.88	K00294
1.5.1.15	K00295
1.5.1.19	K00296
1.5.1.54	K00297
1.5.1.24	K00298
1.5.1.38	K00299
1.5.3.1	K00301
1.5.3.24	K00302
1.5.3.7	K00306
1.21.3.3	K00307
1.5.3.13	K00308
1.5.3.10	K00309
1.5.4.1	K00310
1.5.5.1	K00311
1.5.8.3	K00314
1.5.8.4	K00315
1.5.99.6	K00316
1.5.8.1	K00317
1.5.8.2	K00317
1.5.5.2	K00318
1.5.98.1	K00319
1.5.98.2	K00320
1.6.1.1	K00322
1.6.1.2	K00323
7.1.1.1	K00323
1.6.2.2	K00326
1.6.2.4	K00327
7.1.1.2	K00330
1.6.5.5	K00344
7.2.1.1	K00346
1.6.99.1	K00354
1.6.5.2	K00355
1.5.1.34	K00357
1.7.1.4	K00361
1.7.1.15	K00362
1.7.1.7	K00364
1.7.3.3	K00365
1.7.7.1	K00366
1.7.7.2	K00367
1.7.2.1	K00368
1.7.5.1	K00370
1.7.2.4	K00376
1.7.2.9	K00378
1.8.1.2	K00380
1.8.1.4	K00382
1.8.1.7	K00383
1.8.1.9	K00384
1.8.2.1	K00386
1.8.3.1	K00387
1.8.4.8	K00390
1.8.4.10	K00390
1.8.7.1	K00392
1.8.99.2	K00394
2.8.4.1	K00399
7.1.1.9	K00404
7.1.1.8	K00411
1.10.3.2	K00421
1.10.3.1	K00422
1.10.3.3	K00423
7.1.1.7	K00424
1.11.1.5	K00428
1.11.1.7	K00430
1.11.1.8	K00431
1.11.1.9	K00432
1.11.1.10	K00433
1.11.1.11	K00434
1.3.98.5	K00435
1.12.1.2	K00436
1.12.2.1	K00437
1.12.98.1	K00440
1.13.11.2	K00446
1.13.11.3	K00448
1.13.11.4	K00450
1.13.11.5	K00451
1.13.11.6	K00452
1.13.11.11	K00453
1.13.11.12	K00454
1.13.11.15	K00455
1.13.11.20	K00456
1.13.11.27	K00457
1.13.11.31	K00458
1.13.12.16	K00459
1.13.11.33	K00460
1.13.11.34	K00461
1.13.11.39	K00462
1.13.11.52	K00463
1.13.11.75	K00464
1.13.12.3	K00466
1.13.12.4	K00467
1.13.12.2	K00468
1.13.99.1	K00469
1.14.11.1	K00471
1.14.11.2	K00472
1.14.11.4	K00473
1.14.11.8	K00474
1.14.11.9	K00475
1.14.11.16	K00476
1.14.11.18	K00477
1.14.11.65	K00478
1.14.13.251	K00479
1.14.13.1	K00480
1.14.13.2	K00481
1.14.14.9	K00483
1.5.1.36	K00484
1.14.13.8	K00485
1.14.13.9	K00486
1.14.14.91	K00487
1.14.15.15	K00488
1.14.14.23	K00489
1.14.14.1	K00490
1.14.14.47	K00491
1.14.13.212	K00492
1.14.14.3	K00494
1.14.14.44	K00495
1.14.15.3	K00496
1.14.15.4	K00497
1.14.15.6	K00498
1.14.15.7	K00499
1.14.16.1	K00500
1.14.16.2	K00501
1.14.16.4	K00502
1.14.17.1	K00503
1.14.17.3	K00504
1.14.18.1	K00505
1.14.19.1	K00507
1.14.19.3	K00508
1.14.99.1	K00509
1.14.14.18	K00510
1.14.14.17	K00511
1.14.14.19	K00512
1.14.14.32	K00512
1.14.14.16	K00513
1.3.5.6	K00514
1.13.11.63	K00515
1.14.99.55	K00516
1.15.1.1	K00518
1.16.1.1	K00520
1.16.1.7	K00521
1.16.3.2	K00522
1.17.1.1	K00523
1.17.4.2	K00524
1.17.4.1	K00525
1.18.1.2	K00528
1.19.1.1	K00528
1.18.1.3	K00529
1.18.1.4	K00530
1.18.6.1	K00531
1.12.7.2	K00532
1.20.4.1	K00537
2.1.1.1	K00541
2.1.1.2	K00542
2.1.1.4	K00543
2.1.1.5	K00544
2.1.1.6	K00545
2.1.1.8	K00546
2.1.1.10	K00547
2.1.1.13	K00548
2.1.1.14	K00549
2.1.1.71	K00550
2.1.1.17	K00551
2.1.1.20	K00552
2.1.1.28	K00553
2.1.1.228	K00554
2.1.1.215	K00555
2.1.1.216	K00555
2.1.1.34	K00556
2.1.1.35	K00557
2.1.1.37	K00558
2.1.1.41	K00559
2.1.1.45	K00560
2.1.1.184	K00561
2.1.1.49	K00562
2.1.1.96	K00562
2.1.1.187	K00563
2.1.1.172	K00564
2.1.1.56	K00565
2.8.1.13	K00566
2.1.1.63	K00567
2.1.1.222	K00568
2.1.1.64	K00568
2.1.1.67	K00569
2.1.1.72	K00571
2.1.1.77	K00573
2.1.1.79	K00574
2.1.1.80	K00575
2.1.1.86	K00577
2.1.1.314	K00586
2.1.1.100	K00587
2.1.1.104	K00588
2.1.1.107	K00589
2.1.1.113	K00590
2.1.1.114	K00591
2.1.1.127	K00592
2.1.1.259	K00592
1.1.3.41	K00594
2.1.1.132	K00595
2.1.1.289	K00595
2.1.1.196	K00595
4.1.1.64	K00596
1.16.1.8	K00597
2.1.1.144	K00598
2.1.2.1	K00600
2.1.2.2	K00601
2.1.2.3	K00602
3.5.4.10	K00602
2.1.2.5	K00603
6.3.3.2	K00603
2.1.2.9	K00604
2.1.2.10	K00605
2.1.2.11	K00606
2.1.2.14	K00607
2.1.3.2	K00608
2.1.3.3	K00611
2.1.4.1	K00613
2.2.1.1	K00615
2.2.1.2	K00616
2.2.1.14	K00617
2.3.1.1	K00618
2.3.1.35	K00620
2.3.1.4	K00621
2.3.1.5	K00622
2.3.1.6	K00623
2.3.1.7	K00624
2.3.1.8	K00625
2.3.1.9	K00626
2.3.1.12	K00627
2.3.1.13	K00628
2.3.1.71	K00628
2.3.1.15	K00629
2.3.1.16	K00632
2.3.1.18	K00633
2.3.1.19	K00634
2.3.1.20	K00635
2.3.1.75	K00635
2.3.1.26	K00637
2.3.1.28	K00638
2.3.1.29	K00639
2.3.1.30	K00640
2.3.1.31	K00641
2.3.1.46	K00641
2.3.1.37	K00643
2.3.1.39	K00645
2.3.1.41	K00647
2.3.1.180	K00648
2.3.1.42	K00649
2.3.1.43	K00650
2.3.1.47	K00652
2.3.1.48	K00653
2.3.1.50	K00654
2.3.1.51	K00655
2.3.1.54	K00656
2.3.1.57	K00657
2.3.1.61	K00658
2.3.1.65	K00659
3.1.2.2	K00659
2.3.1.74	K00660
2.3.1.79	K00661
2.3.1.81	K00662
2.3.1.82	K00663
2.3.1.84	K00664
2.3.1.85	K00665
2.3.1.86	K00667
2.3.1.87	K00669
2.3.1.256	K00670
2.3.1.97	K00671
2.3.1.101	K00672
2.3.1.109	K00673
2.3.1.117	K00674
2.3.1.118	K00675
2.3.1.129	K00677
2.3.1.135	K00678
2.3.1.158	K00679
2.3.2.2	K00681
3.4.19.13	K00681
4.3.2.9	K00682
2.3.2.5	K00683
2.3.2.6	K00684
2.3.2.8	K00685
2.3.2.13	K00686
2.4.1.1	K00688
2.4.1.5	K00689
2.4.1.7	K00690
2.4.1.8	K00691
2.4.1.10	K00692
2.4.1.11	K00693
2.4.1.12	K00694
2.4.1.13	K00695
2.4.1.14	K00696
2.4.1.15	K00697
2.4.1.347	K00697
2.4.1.16	K00698
2.4.1.17	K00699
2.4.1.18	K00700
2.4.1.19	K00701
2.4.1.20	K00702
2.4.1.21	K00703
2.4.1.22	K00704
2.4.1.25	K00705
2.4.1.34	K00706
2.4.1.40	K00709
2.4.1.37	K00709
2.4.1.41	K00710
2.4.1.52	K00712
2.4.1.62	K00715
2.4.1.65	K00716
2.4.1.68	K00717
2.4.1.69	K00718
2.4.1.79	K00719
2.4.1.80	K00720
2.4.1.83	K00721
2.4.1.88	K00722
2.4.1.92	K00725
2.4.1.101	K00726
2.4.1.102	K00727
2.4.1.109	K00728
2.4.1.117	K00729
2.4.1.122	K00731
2.4.1.133	K00733
2.4.1.134	K00734
2.4.1.135	K00735
2.4.1.143	K00736
2.4.1.144	K00737
2.4.1.145	K00738
2.4.1.147	K00739
2.4.1.149	K00741
2.4.1.150	K00742
2.4.1.87	K00743
2.4.1.155	K00744
2.4.1.174	K00746
2.4.1.175	K00746
2.4.1.226	K00747
2.4.1.182	K00748
2.4.1.183	K00749
2.4.1.186	K00750
2.4.1.212	K00752
2.4.1.214	K00753
2.4.2.2	K00756
2.4.2.3	K00757
2.4.2.4	K00758
2.4.2.7	K00759
2.4.2.8	K00760
2.4.2.9	K00761
2.4.2.10	K00762
6.3.4.21	K00763
2.4.2.14	K00764
2.4.2.17	K00765
2.4.2.18	K00766
2.4.2.19	K00767
2.4.2.21	K00768
2.4.2.22	K00769
2.4.2.24	K00770
2.4.2.26	K00771
2.4.2.28	K00772
2.4.2.29	K00773
2.4.2.30	K00774
2.4.2.31	K00775
2.4.2.36	K00776
2.4.2.64	K00777
2.4.3.1	K00778
2.4.3.2	K00780
2.4.3.4	K00780
2.4.3.6	K00781
2.1.1.177	K00783
3.1.26.11	K00784
2.5.1.1	K00787
2.5.1.10	K00787
2.5.1.3	K00788
2.5.1.6	K00789
2.5.1.7	K00790
2.5.1.75	K00791
2.5.1.9	K00793
2.5.1.78	K00794
2.5.1.15	K00796
2.5.1.16	K00797
2.5.1.17	K00798
2.5.1.18	K00799
2.5.1.19	K00800
2.5.1.21	K00801
2.5.1.22	K00802
2.5.1.26	K00803
2.5.1.29	K00804
2.5.1.30	K00805
2.5.1.31	K00806
4.4.1.20	K00807
2.5.1.44	K00808
2.5.1.46	K00809
2.6.1.1	K00811
2.6.1.2	K00814
2.6.1.5	K00815
2.6.1.7	K00816
4.4.1.13	K00816
2.6.1.64	K00816
2.6.1.9	K00817
2.6.1.11	K00818
2.6.1.13	K00819
2.6.1.16	K00820
2.6.1.17	K00821
2.6.1.18	K00822
2.6.1.19	K00823
2.6.1.21	K00824
2.6.1.39	K00825
2.6.1.42	K00826
2.6.1.44	K00827
2.6.1.40	K00827
2.6.1.45	K00830
2.6.1.51	K00830
2.6.1.52	K00831
2.6.1.57	K00832
2.6.1.62	K00833
2.6.1.66	K00835
2.6.1.76	K00836
2.6.1.27	K00838
2.6.1.112	K00839
2.6.1.81	K00840
2.7.1.1	K00844
2.7.1.2	K00845
2.7.1.3	K00846
2.7.1.4	K00847
2.7.1.5	K00848
2.7.1.6	K00849
2.7.1.11	K00850
2.7.1.12	K00851
2.7.1.15	K00852
2.7.1.16	K00853
2.7.1.17	K00854
2.7.1.19	K00855
2.7.1.20	K00856
2.7.1.21	K00857
2.7.1.23	K00858
2.7.1.24	K00859
2.7.1.25	K00860
2.7.1.26	K00861
2.7.1.215	K00862
2.7.1.28	K00863
2.7.1.29	K00863
4.6.1.15	K00863
2.7.1.30	K00864
2.7.1.165	K00865
2.7.1.32	K00866
2.7.1.33	K00867
2.7.1.35	K00868
2.7.1.36	K00869
2.7.11.19	K00871
2.7.1.39	K00872
2.7.1.40	K00873
2.7.1.45	K00874
2.7.1.47	K00875
2.7.1.48	K00876
2.7.1.49	K00877
2.7.4.7	K00877
3.5.99.2	K00877
2.7.1.50	K00878
2.7.1.51	K00879
2.7.1.53	K00880
2.7.1.55	K00881
2.7.1.56	K00882
2.7.1.58	K00883
2.7.1.59	K00884
2.7.1.60	K00885
2.7.1.63	K00886
2.7.1.66	K00887
2.7.1.67	K00888
2.7.1.68	K00889
2.7.1.71	K00891
2.7.1.73	K00892
2.7.1.74	K00893
2.7.1.76	K00893
2.7.1.113	K00893
2.7.1.82	K00894
2.7.1.90	K00895
2.7.1.95	K00897
2.7.11.2	K00898
2.7.1.100	K00899
2.7.1.105	K00900
2.7.1.107	K00901
2.7.1.108	K00902
2.7.10.3	K00903
2.7.11.4	K00905
2.7.11.5	K00906
2.7.11.18	K00907
2.7.11.17	K00908
2.7.11.14	K00909
2.7.11.15	K00910
2.7.1.127	K00911
2.7.1.130	K00912
2.7.1.159	K00913
2.7.1.134	K00913
2.7.1.137	K00914
2.7.1.140	K00915
2.7.1.151	K00915
2.7.11.22	K00916
2.7.11.23	K00916
2.7.1.144	K00917
2.7.1.146	K00918
2.7.1.147	K00918
2.7.1.148	K00919
2.7.1.149	K00920
2.7.1.150	K00921
2.7.1.153	K00922
2.7.1.154	K00923
2.7.2.1	K00925
2.7.2.2	K00926
2.7.2.3	K00927
2.7.2.4	K00928
2.7.2.7	K00929
2.7.2.8	K00930
2.7.2.11	K00931
2.7.2.15	K00932
2.7.3.2	K00933
2.7.3.3	K00934
2.7.13.3	K00936
2.7.4.1	K00937
2.7.4.2	K00938
2.7.4.3	K00939
2.7.4.6	K00940
2.7.4.8	K00942
2.7.4.9	K00943
2.7.4.10	K00944
2.7.4.25	K00945
2.7.4.16	K00946
2.7.6.1	K00948
2.7.6.2	K00949
2.7.6.3	K00950
2.7.6.5	K00951
2.7.7.1	K00952
2.7.7.2	K00953
2.7.7.3	K00954
2.7.7.4	K00955
2.7.7.6	K00960
2.7.7.8	K00962
2.7.7.9	K00963
2.7.7.12	K00965
2.7.7.13	K00966
2.7.7.14	K00967
2.7.7.15	K00968
2.7.7.18	K00969
2.7.7.19	K00970
2.7.7.23	K00972
2.7.7.83	K00972
2.7.7.24	K00973
2.7.7.72	K00974
2.7.7.27	K00975
2.7.7.30	K00976
2.7.7.31	K00977
2.7.7.33	K00978
2.7.7.38	K00979
2.7.7.39	K00980
2.7.7.41	K00981
2.7.7.42	K00982
2.7.7.89	K00982
2.7.7.43	K00983
2.7.7.47	K00984
2.7.7.48	K00985
2.7.7.49	K00986
2.7.7.50	K00987
2.7.7.5	K00988
2.7.7.53	K00988
2.7.7.56	K00989
2.7.7.59	K00990
2.7.7.60	K00991
2.7.7.99	K00992
2.7.8.1	K00993
2.7.8.2	K00994
2.7.8.5	K00995
2.7.8.6	K00996
2.7.8.7	K00997
2.7.8.8	K00998
2.7.8.11	K00999
2.7.8.13	K01000
2.7.8.15	K01001
2.7.8.20	K01002
4.1.1.112	K01003
2.7.8.24	K01004
2.7.9.1	K01006
2.7.9.2	K01007
2.7.9.3	K01008
2.7.7.103	K01009
2.8.1.1	K01011
2.8.1.2	K01011
2.8.1.6	K01012
2.8.2.1	K01014
2.8.2.2	K01015
2.8.2.4	K01016
2.8.2.5	K01017
2.8.2.11	K01019
2.8.2.17	K01020
2.8.2.20	K01021
2.8.2.21	K01022
2.8.2.22	K01023
2.8.2.23	K01024
2.8.3.1	K01026
2.8.3.5	K01027
2.8.3.6	K01031
2.8.3.8	K01034
2.8.3.9	K01034
2.8.3.12	K01039
2.9.1.1	K01042
3.1.1.1	K01044
3.1.1.2	K01045
3.1.8.1	K01045
3.1.1.3	K01046
3.1.1.4	K01047
3.1.1.5	K01048
3.1.1.7	K01049
3.1.1.8	K01050
3.1.1.11	K01051
3.1.1.13	K01052
3.1.1.17	K01053
3.1.1.23	K01054
3.1.1.24	K01055
3.1.1.29	K01056
3.1.1.31	K01057
3.1.1.32	K01058
3.1.1.34	K01059
3.1.1.41	K01060
3.1.1.45	K01061
3.1.1.47	K01062
3.1.1.59	K01063
3.1.1.77	K01065
3.1.2.1	K01067
3.1.2.6	K01069
3.1.2.12	K01070
3.1.2.21	K01071
3.1.2.20	K01073
3.1.2.22	K01074
3.1.2.23	K01075
3.1.3.1	K01077
3.1.3.2	K01078
3.1.3.3	K01079
3.1.3.4	K01080
3.1.3.5	K01081
3.1.3.7	K01082
3.1.3.8	K01083
3.1.3.9	K01084
3.1.3.10	K01085
3.1.3.11	K01086
3.1.3.37	K01086
3.1.3.12	K01087
4.2.1.19	K01089
3.1.3.15	K01089
3.1.3.16	K01090
3.1.3.18	K01091
3.1.3.25	K01092
3.1.3.26	K01093
3.1.3.27	K01094
3.6.1.75	K01096
3.6.1.27	K01096
3.1.3.29	K01097
3.6.1.74	K01098
3.1.3.36	K01099
3.1.3.41	K01101
3.1.3.43	K01102
3.1.3.46	K01103
3.1.3.48	K01104
3.1.3.56	K01106
3.1.3.57	K01107
3.1.3.64	K01108
3.1.3.95	K01108
3.1.3.66	K01109
3.1.3.67	K01110
3.1.3.68	K01111
3.9.1.3	K01112
3.1.4.3	K01114
3.1.4.4	K01115
3.1.4.11	K01116
3.1.4.12	K01117
1.7.1.17	K01118
3.1.4.16	K01119
3.1.3.6	K01119
3.1.4.17	K01120
3.1.4.37	K01121
3.1.4.39	K01122
3.1.4.41	K01123
3.1.4.43	K01124
3.1.4.45	K01125
3.1.4.46	K01126
3.1.4.50	K01127
3.1.5.1	K01129
3.1.6.1	K01130
3.1.6.2	K01131
3.1.6.4	K01132
3.1.6.6	K01133
3.1.6.8	K01134
3.1.6.12	K01135
3.1.6.13	K01136
3.1.6.14	K01137
3.1.7.2	K01139
3.1.11.1	K01141
3.1.11.2	K01142
3.1.11.3	K01143
3.1.13.1	K01147
3.1.13.4	K01148
3.1.21.1	K01150
3.1.21.2	K01151
3.1.21.3	K01153
3.1.21.4	K01155
3.1.21.5	K01156
3.1.22.1	K01158
3.1.21.10	K01159
3.1.25.1	K01161
3.1.26.5	K01164
4.6.1.19	K01166
4.6.1.24	K01167
4.6.1.18	K01168
4.6.1.21	K01169
4.6.1.16	K01170
4.6.1.23	K01171
3.1.31.1	K01174
3.2.1.1	K01176
3.2.1.2	K01177
3.2.1.3	K01178
3.2.1.4	K01179
3.2.1.6	K01180
3.2.1.8	K01181
3.2.1.10	K01182
3.2.1.14	K01183
3.2.1.15	K01184
3.2.1.17	K01185
3.2.1.18	K01186
3.2.1.20	K01187
3.2.1.21	K01188
3.2.1.22	K01189
3.2.1.23	K01190
3.2.1.24	K01191
3.2.1.25	K01192
3.2.1.26	K01193
3.2.1.28	K01194
3.2.1.31	K01195
3.2.1.33	K01196
3.2.1.35	K01197
3.2.1.37	K01198
3.2.1.39	K01199
3.2.1.41	K01200
3.2.1.45	K01201
3.2.1.46	K01202
3.2.1.48	K01203
3.2.1.49	K01204
3.2.1.50	K01205
3.2.1.51	K01206
3.2.1.52	K01207
3.2.1.54	K01208
3.2.1.133	K01208
3.2.1.135	K01208
3.2.1.55	K01209
3.2.1.58	K01210
3.2.1.65	K01212
3.2.1.67	K01213
3.2.1.68	K01214
3.2.1.70	K01215
3.2.1.73	K01216
3.2.1.76	K01217
3.2.1.78	K01218
3.2.1.81	K01219
3.2.1.85	K01220
3.2.1.86	K01222
3.2.1.89	K01224
3.2.1.91	K01225
3.2.1.93	K01226
3.2.1.96	K01227
3.2.1.106	K01228
3.2.1.108	K01229
3.2.1.62	K01229
3.2.1.113	K01230
3.2.1.114	K01231
3.2.1.122	K01232
3.2.1.132	K01233
3.2.1.139	K01235
3.2.1.141	K01236
3.2.1.147	K01237
3.2.2.1	K01239
3.2.2.3	K01240
3.2.2.4	K01241
3.2.2.6	K01242
2.4.99.20	K01242
3.2.2.9	K01243
3.2.2.16	K01244
3.2.2.19	K01245
3.2.2.20	K01246
3.2.2.21	K01247
3.13.2.1	K01251
3.3.2.1	K01252
6.3.2.14	K01252
3.3.2.9	K01253
3.3.2.6	K01254
3.4.11.1	K01255
3.4.11.2	K01256
3.4.11.3	K01257
3.4.11.4	K01258
3.4.11.5	K01259
3.4.11.6	K01260
3.4.11.7	K01261
3.4.11.9	K01262
3.4.11.15	K01264
3.4.11.18	K01265
3.4.11.19	K01266
3.4.11.21	K01267
3.4.11.22	K01268
3.4.13.9	K01271
3.4.13.19	K01273
3.4.14.1	K01275
3.4.14.2	K01276
3.4.14.4	K01277
3.4.14.5	K01278
3.4.14.9	K01279
3.4.14.10	K01280
3.4.14.11	K01281
3.4.15.1	K01283
3.4.15.5	K01284
3.4.16.2	K01285
3.4.16.4	K01286
3.4.16.6	K01288
3.4.17.2	K01291
3.4.17.3	K01292
3.4.17.4	K01293
3.4.17.10	K01294
3.4.17.11	K01295
3.4.17.12	K01296
3.4.17.13	K01297
3.4.17.15	K01298
3.4.17.19	K01299
3.4.17.20	K01300
3.4.17.21	K01301
3.4.19.1	K01303
3.4.19.3	K01304
3.4.19.6	K01306
3.4.19.9	K01307
3.4.19.11	K01308
3.4.19.12	K01309
3.4.21.1	K01310
3.4.21.2	K01311
3.4.21.4	K01312
3.4.21.5	K01313
3.4.21.6	K01314
3.4.21.7	K01315
3.4.21.9	K01316
3.4.21.10	K01317
3.4.21.19	K01318
3.4.21.20	K01319
3.4.21.21	K01320
3.4.21.22	K01321
3.4.21.26	K01322
3.4.21.27	K01323
3.4.21.34	K01324
3.4.21.35	K01325
3.4.21.36	K01326
3.4.21.37	K01327
3.4.21.38	K01328
3.4.21.39	K01329
3.4.21.41	K01330
3.4.21.42	K01331
3.4.21.43	K01332
3.4.21.45	K01333
3.4.21.46	K01334
3.4.21.47	K01335
3.4.21.48	K01336
3.4.21.50	K01337
3.4.21.53	K01338
3.4.21.54	K01339
3.4.21.59	K01340
3.4.21.61	K01341
3.4.21.62	K01342
3.4.21.68	K01343
3.4.21.69	K01344
3.4.21.70	K01345
3.4.21.71	K01346
3.4.21.72	K01347
3.4.21.73	K01348
3.4.21.75	K01349
3.4.21.76	K01350
3.4.21.77	K01351
3.4.21.78	K01352
3.4.21.79	K01353
3.4.21.83	K01354
3.4.23.49	K01355
3.4.21.88	K01356
3.4.21.92	K01358
3.4.21.93	K01359
3.4.21.94	K01360
3.4.21.96	K01361
3.4.22.1	K01363
3.4.22.10	K01364
3.4.22.15	K01365
3.4.22.16	K01366
3.4.22.52	K01367
3.4.22.27	K01368
3.4.22.34	K01369
3.4.22.36	K01370
3.4.22.38	K01371
3.4.22.40	K01372
3.4.22.41	K01373
3.4.22.42	K01374
3.4.22.43	K01375
3.4.23.3	K01377
3.4.23.4	K01378
3.4.23.5	K01379
3.4.23.15	K01380
3.4.23.25	K01381
3.4.23.34	K01382
3.4.23.35	K01383
3.4.23.42	K01385
3.4.23.23	K01386
3.4.24.3	K01387
3.4.24.7	K01388
3.4.24.11	K01389
3.4.24.13	K01390
3.4.24.15	K01392
3.4.24.16	K01393
3.4.24.17	K01394
3.4.24.18	K01395
3.4.24.22	K01396
3.4.24.23	K01397
3.4.24.24	K01398
3.4.24.26	K01399
3.4.24.28	K01400
3.4.24.29	K01401
3.4.24.34	K01402
3.4.24.35	K01403
3.4.24.36	K01404
3.4.24.37	K01405
3.4.24.40	K01406
3.4.24.55	K01407
3.4.24.56	K01408
2.3.1.234	K01409
3.4.24.59	K01410
3.4.24.61	K01411
3.4.24.64	K01412
3.4.24.65	K01413
3.4.24.70	K01414
3.4.24.71	K01415
3.4.24.77	K01416
3.4.25.2	K01419
3.5.1.1	K01424
3.5.1.2	K01425
3.5.1.4	K01426
3.5.1.5	K01427
3.5.1.6	K01431
3.5.1.9	K01432
3.5.1.10	K01433
3.5.1.11	K01434
3.5.1.12	K01435
3.5.1.15	K01437
3.5.1.16	K01438
3.5.1.18	K01439
3.5.1.19	K01440
3.5.1.23	K01441
3.5.1.24	K01442
3.5.1.25	K01443
3.5.1.26	K01444
3.5.1.28	K01447
3.5.1.32	K01451
3.5.1.41	K01452
3.5.1.46	K01453
3.5.1.49	K01455
3.5.1.52	K01456
3.5.1.54	K01457
3.5.1.68	K01458
3.5.1.77	K01459
3.5.1.78	K01460
6.3.1.8	K01460
3.5.1.82	K01461
3.5.1.88	K01462
3.5.2.2	K01464
3.5.2.3	K01465
3.5.2.5	K01466
3.5.2.6	K01467
3.5.2.7	K01468
3.5.2.9	K01469
3.5.2.10	K01470
3.5.2.12	K01471
3.5.2.14	K01473
3.5.2.20	K01475
3.5.3.1	K01476
3.5.3.4	K01477
3.5.3.6	K01478
3.5.3.8	K01479
3.5.3.11	K01480
3.5.3.15	K01481
3.5.3.18	K01482
4.3.2.3	K01483
3.5.3.23	K01484
3.5.4.1	K01485
3.5.4.21	K01485
3.5.4.2	K01486
3.5.4.3	K01487
3.5.4.4	K01488
3.5.4.5	K01489
3.5.4.6	K01490
3.5.4.12	K01493
3.5.4.13	K01494
3.5.4.16	K01495
3.5.4.19	K01496
3.5.4.25	K01497
3.5.4.26	K01498
3.5.4.27	K01499
3.5.5.1	K01501
3.5.5.7	K01502
3.5.99.7	K01505
3.5.1.30	K01506
3.6.1.1	K01507
3.6.1.5	K01510
3.6.1.6	K01511
3.6.1.7	K01512
3.1.4.1	K01513
3.6.1.9	K01513
3.6.1.11	K01514
3.6.1.13	K01515
3.6.1.15	K01516
3.6.1.16	K01517
3.6.1.53	K01517
3.6.1.17	K01518
3.6.1.66	K01519
3.6.1.23	K01520
3.6.1.26	K01521
3.6.1.29	K01522
3.6.1.31	K01523
3.6.1.40	K01524
3.6.1.41	K01525
3.6.1.42	K01526
3.6.5.5	K01528
3.6.1.73	K01529
7.6.2.1	K01530
7.2.2.14	K01531
7.2.2.21	K01532
7.2.2.9	K01533
7.2.2.12	K01534
7.1.2.1	K01535
7.2.2.3	K01536
7.2.2.10	K01537
7.2.2.13	K01539
7.2.2.19	K01542
7.2.2.6	K01547
7.3.2.7	K01551
3.6.1.58	K01554
3.7.1.2	K01555
3.7.1.3	K01556
3.7.1.5	K01557
3.7.1.28	K01559
3.8.1.2	K01560
3.8.1.3	K01561
1.21.99.4	K01562
3.8.1.5	K01563
3.10.1.1	K01565
4.1.1.1	K01568
4.1.1.2	K01569
7.2.4.2	K01571
4.1.1.4	K01574
4.1.1.5	K01575
4.1.1.7	K01576
4.1.1.8	K01577
4.1.1.9	K01578
4.1.1.11	K01579
4.1.1.15	K01580
4.1.1.17	K01581
4.1.1.18	K01582
4.1.1.19	K01583
4.1.1.20	K01586
4.1.1.21	K01587
6.3.2.6	K01587
5.4.99.18	K01588
6.3.4.18	K01589
4.1.1.22	K01590
4.1.1.23	K01591
4.1.1.25	K01592
4.1.1.28	K01593
4.1.1.105	K01593
4.1.1.31	K01595
4.1.1.32	K01596
4.1.1.33	K01597
4.1.1.36	K01598
4.1.1.37	K01599
4.1.1.39	K01601
7.2.4.3	K01604
4.1.1.44	K01607
4.1.1.47	K01608
4.1.1.48	K01609
4.1.1.49	K01610
4.1.1.50	K01611
4.1.1.61	K01612
4.1.1.65	K01613
7.2.4.5	K01615
2.2.1.5	K01616
4.1.1.71	K01616
4.1.1.77	K01617
4.1.1.107	K01618
4.1.2.4	K01619
4.1.2.48	K01620
4.1.2.9	K01621
4.1.2.22	K01621
4.1.2.13	K01622
4.1.2.14	K01625
4.1.3.42	K01625
2.5.1.54	K01626
2.5.1.55	K01627
4.1.2.17	K01628
4.1.2.19	K01629
4.1.2.20	K01630
4.1.2.21	K01631
4.1.2.25	K01633
5.1.99.8	K01633
1.13.11.81	K01633
4.1.2.27	K01634
4.1.2.40	K01635
4.1.3.1	K01637
2.3.3.9	K01638
4.1.3.3	K01639
4.1.3.4	K01640
2.3.3.10	K01641
2.8.3.10	K01643
4.1.3.34	K01644
2.3.3.1	K01647
2.3.3.8	K01648
2.3.3.13	K01649
2.2.1.6	K01652
2.5.1.56	K01654
2.3.3.14	K01655
4.1.3.27	K01656
2.3.3.5	K01659
4.1.3.36	K01661
2.2.1.7	K01662
4.3.2.10	K01663
2.6.1.85	K01664
4.1.3.39	K01666
4.1.99.1	K01667
4.1.99.2	K01668
4.1.99.3	K01669
4.1.2.57	K01671
4.2.1.1	K01672
4.2.1.2	K01675
4.2.1.3	K01681
4.2.1.99	K01682
4.2.1.5	K01683
4.2.1.6	K01684
4.2.1.7	K01685
4.2.1.8	K01686
4.2.1.9	K01687
4.2.1.11	K01689
4.2.1.12	K01690
4.2.1.17	K01692
4.2.1.20	K01694
4.2.1.22	K01697
4.2.1.24	K01698
4.2.1.28	K01699
4.2.1.33	K01702
4.2.1.35	K01703
4.2.1.36	K01705
4.2.1.40	K01706
4.2.1.41	K01707
4.2.1.42	K01708
4.2.1.45	K01709
4.2.1.46	K01710
4.2.1.47	K01711
4.2.1.49	K01712
4.2.1.51	K01713
4.2.1.91	K01713
4.3.3.7	K01714
4.2.1.59	K01716
5.3.3.14	K01716
4.2.1.75	K01719
4.2.1.79	K01720
4.2.1.84	K01721
4.2.1.92	K01723
4.2.1.96	K01724
4.2.1.104	K01725
4.2.2.1	K01727
4.2.2.2	K01728
4.2.2.3	K01729
4.2.2.6	K01730
4.2.2.9	K01731
4.2.2.10	K01732
4.2.3.1	K01733
4.2.3.3	K01734
4.2.3.4	K01735
4.2.3.5	K01736
4.2.3.12	K01737
4.1.2.50	K01737
2.5.1.47	K01738
2.5.1.48	K01739
2.5.1.49	K01740
4.2.99.18	K01741
4.2.99.24	K01742
4.3.1.1	K01744
4.3.1.3	K01745
4.3.1.4	K01746
2.5.1.61	K01749
4.3.1.12	K01750
4.3.1.15	K01751
4.3.1.17	K01752
4.3.1.18	K01753
4.3.1.19	K01754
4.3.2.1	K01755
4.3.2.2	K01756
4.3.3.2	K01757
4.4.1.1	K01758
4.4.1.5	K01759
4.4.1.11	K01761
4.4.1.14	K01762
4.4.1.16	K01763
4.4.1.17	K01764
2.8.4.6	K01767
4.6.1.1	K01768
4.6.1.2	K01769
4.6.1.12	K01770
4.6.1.13	K01771
4.98.1.1	K01772
4.99.1.9	K01772
5.1.1.1	K01775
5.1.1.3	K01776
5.1.1.4	K01777
5.1.1.7	K01778
5.1.1.13	K01779
5.1.1.24	K01780
5.1.2.2	K01781
5.1.2.3	K01782
5.1.3.1	K01783
5.1.3.2	K01784
5.1.3.3	K01785
5.1.3.8	K01787
5.1.3.9	K01788
5.1.3.13	K01790
5.1.3.14	K01791
5.1.3.15	K01792
5.1.3.17	K01793
5.1.3.19	K01794
5.1.3.37	K01795
5.1.99.4	K01796
6.3.2.10	K01798
5.2.1.1	K01799
5.2.1.2	K01800
5.2.1.4	K01801
5.2.1.8	K01802
5.3.1.1	K01803
5.3.1.4	K01804
5.3.1.5	K01805
5.3.1.6	K01807
5.3.1.8	K01809
5.3.1.9	K01810
3.2.1.177	K01811
5.3.1.12	K01812
5.3.1.14	K01813
5.3.1.16	K01814
5.3.1.17	K01815
5.3.1.22	K01816
5.3.1.24	K01817
5.3.1.25	K01818
5.3.1.3	K01818
5.3.1.26	K01819
5.3.2.6	K01821
5.3.3.2	K01823
5.3.3.5	K01824
5.3.3.8	K01825
5.3.3.10	K01826
5.3.3.12	K01827
5.3.99.2	K01830
5.3.99.4	K01831
5.3.99.5	K01832
6.3.1.9	K01833
5.4.2.11	K01834
5.4.2.2	K01835
5.4.2.3	K01836
5.4.2.4	K01837
5.4.2.6	K01838
5.4.2.7	K01839
5.4.2.8	K01840
5.4.2.9	K01841
5.4.3.2	K01843
5.4.3.3	K01844
5.4.3.8	K01845
5.4.99.1	K01846
5.4.99.2	K01847
5.4.99.5	K01850
5.4.4.2	K01851
5.4.99.7	K01852
5.4.99.8	K01853
5.4.99.9	K01854
5.4.99.45	K01855
5.5.1.1	K01856
5.5.1.2	K01857
5.5.1.4	K01858
5.5.1.6	K01859
5.5.1.7	K01860
5.5.1.35	K01861
5.4.4.1	K01865
6.1.1.1	K01866
6.1.1.2	K01867
6.1.1.3	K01868
6.1.1.4	K01869
6.1.1.5	K01870
6.1.1.7	K01872
6.1.1.9	K01873
6.1.1.10	K01874
6.1.1.11	K01875
6.1.1.12	K01876
6.1.1.14	K01878
6.1.1.15	K01881
6.1.1.16	K01883
6.1.1.17	K01885
6.1.1.18	K01886
6.1.1.19	K01887
6.1.1.20	K01889
6.1.1.21	K01892
6.1.1.22	K01893
6.2.1.1	K01895
6.2.1.2	K01896
6.2.1.3	K01897
6.2.1.4	K01899
6.2.1.5	K01899
6.2.1.12	K01904
6.2.1.13	K01905
6.2.1.14	K01906
6.2.1.16	K01907
6.2.1.17	K01908
6.2.1.20	K01909
6.2.1.22	K01910
6.2.1.26	K01911
6.2.1.30	K01912
6.3.1.1	K01914
6.3.1.2	K01915
6.3.1.5	K01916
6.3.2.1	K01918
6.3.2.2	K01919
6.3.2.3	K01920
6.3.2.4	K01921
6.3.2.51	K01922
6.3.2.8	K01924
6.3.2.9	K01925
6.3.2.13	K01928
6.3.2.17	K01930
2.3.2.27	K01931
6.3.3.1	K01933
6.3.3.3	K01935
6.3.4.2	K01937
6.3.4.4	K01939
6.3.4.5	K01940
6.3.4.6	K01941
6.3.4.9	K01942
6.3.4.10	K01942
6.3.4.11	K01942
6.3.4.15	K01942
6.3.4.13	K01945
6.4.1.2	K01946
6.3.4.14	K01946
2.1.3.15	K01946
6.3.4.16	K01948
6.3.4.12	K01949
6.3.5.1	K01950
6.3.5.2	K01951
6.3.5.3	K01952
6.3.5.4	K01953
6.3.5.5	K01954
6.4.1.1	K01958
6.4.1.3	K01964
6.4.1.4	K01968
6.5.1.1	K01971
6.5.1.2	K01972
6.5.1.3	K01973
6.5.1.4	K01974
3.1.4.58	K01975
2.4.1.228	K01988
7.6.2.9	K02000
7.2.2.7	K02010
7.3.2.5	K02017
7.4.2.1	K02028
7.3.2.1	K02036
7.3.2.2	K02041
7.3.2.3	K02045
7.6.2.15	K02062
3.5.3.9	K02083
3.1.3.23	K02101
7.1.2.2	K02111
7.2.2.1	K02111
2.1.1.197	K02169
3.1.1.85	K02170
2.7.11.1	K02178
6.2.1.48	K02182
3.4.22.55	K02186
3.4.22.56	K02187
2.1.1.195	K02188
3.7.1.12	K02189
4.99.1.3	K02190
7.6.2.5	K02193
2.3.2.23	K02207
5.6.2.3	K02209
6.3.5.9	K02224
6.3.5.11	K02224
3.1.3.73	K02226
6.3.1.10	K02227
2.1.1.152	K02228
1.14.13.83	K02229
6.6.1.2	K02230
2.7.1.156	K02231
2.7.7.62	K02231
6.3.5.10	K02232
2.7.8.26	K02233
3.4.23.43	K02236
2.5.1.141	K02257
1.17.99.9	K02259
7.4.2.8	K02283
4.4.1.32	K02288
2.5.1.32	K02291
1.3.5.5	K02293
7.1.1.3	K02297
1.3.1.76	K02302
4.99.1.4	K02302
2.7.7.101	K02316
2.7.7.7	K02319
6.2.1.71	K02363
6.2.1.72	K02364
3.4.22.49	K02365
2.4.1.224	K02366
2.4.1.225	K02366
2.4.1.223	K02369
1.1.1.271	K02377
2.1.1.166	K02427
5.1.3.29	K02431
6.3.5.6	K02433
6.3.5.7	K02433
3.2.1.196	K02438
3.4.21.105	K02441
5.3.1.13	K02467
5.6.2.2	K02469
1.1.1.336	K02472
5.1.3.7	K02473
1.1.1.136	K02474
2.7.7.65	K02488
1.2.1.70	K02492
2.1.1.297	K02493
1.3.98.3	K02495
4.1.2.52	K02510
2.1.1.320	K02516
2.3.1.241	K02517
2.5.1.90	K02523
2.4.99.12	K02527
2.4.99.13	K02527
2.4.99.14	K02527
2.4.99.15	K02527
2.1.1.182	K02528
3.5.1.108	K02535
2.3.1.191	K02536
2.5.1.74	K02548
4.2.1.113	K02549
2.2.1.9	K02551
4.2.1.80	K02554
6.3.2.45	K02558
2.3.1.243	K02560
2.4.1.227	K02563
3.5.99.6	K02564
1.9.6.1	K02567
2.8.2.8	K02576
1.14.13.149	K02609
2.3.1.223	K02615
2.3.1.174	K02615
3.3.2.12	K02618
1.2.1.91	K02618
4.1.3.38	K02619
4.4.1.31	K02631
7.1.1.6	K02636
2.7.11.13	K02677
2.7.7.102	K02683
1.10.3.9	K02703
3.4.25.1	K02725
2.7.1.208	K02750
2.7.1.196	K02759
2.7.1.205	K02759
2.7.1.202	K02768
2.7.1.200	K02773
2.7.1.199	K02778
2.7.1.198	K02781
2.7.1.207	K02786
2.7.1.191	K02793
2.7.1.197	K02798
2.7.1.193	K02803
2.6.1.59	K02805
2.7.1.211	K02810
2.7.1.206	K02812
2.7.1.201	K02819
2.7.1.194	K02821
7.1.1.5	K02826
2.4.99.23	K02841
2.4.99.24	K02843
2.7.1.235	K02848
2.4.99.25	K02849
2.7.8.33	K02851
2.7.8.35	K02851
2.4.1.180	K02852
4.1.99.12	K02858
5.1.3.4	K03077
4.1.1.85	K03078
5.1.3.22	K03079
2.7.11.26	K03083
3.1.3.86	K03084
3.4.21.89	K03100
3.4.23.36	K03101
3.1.3.62	K03103
3.1.3.80	K03103
3.6.5.4	K03106
1.14.11.17	K03119
2.4.2.60	K03146
4.1.99.17	K03147
2.7.7.73	K03148
2.8.1.10	K03149
4.1.99.19	K03150
2.8.1.4	K03151
3.5.1.124	K03152
1.4.3.19	K03153
5.6.2.1	K03163
2.7.10.1	K03176
5.4.99.25	K03177
6.2.1.45	K03178
2.5.1.39	K03179
4.1.3.40	K03181
4.1.1.98	K03182
2.1.1.163	K03183
2.1.1.201	K03183
1.14.99.60	K03184
2.5.1.129	K03186
1.7.1.6	K03206
2.1.1.189	K03212
2.1.1.190	K03215
2.1.1.207	K03216
2.1.1.185	K03218
1.14.12.3	K03268
1.14.12.11	K03268
1.14.12.26	K03268
3.6.1.54	K03269
3.1.3.45	K03270
5.3.1.28	K03271
2.7.1.167	K03272
2.7.7.70	K03272
3.1.3.82	K03273
3.1.3.83	K03273
5.1.3.20	K03274
2.4.1.44	K03278
2.4.1.58	K03279
2.4.1.56	K03280
1.1.1.10	K03331
3.2.1.80	K03332
1.1.3.6	K03333
1.4.3.2	K03334
4.2.1.44	K03335
3.7.1.22	K03336
5.3.1.30	K03337
2.7.1.92	K03338
4.1.2.29	K03339
1.4.1.16	K03340
2.9.1.2	K03341
1.4.3.10	K03343
3.4.22.68	K03345
1.1.1.76	K03366
1.1.1.304	K03366
6.1.1.13	K03367
2.4.3.9	K03370
2.4.3.8	K03371
2.4.3.7	K03373
2.3.1.45	K03377
1.1.1.218	K03378
1.14.13.22	K03379
1.14.13.7	K03380
1.13.11.1	K03381
3.5.4.43	K03382
3.5.2.15	K03383
1.7.2.2	K03385
1.11.1.24	K03386
1.8.7.3	K03388
1.8.98.4	K03388
1.8.98.5	K03388
1.14.13.50	K03391
4.1.1.45	K03392
1.14.16.7	K03393
2.1.1.130	K03394
2.1.1.151	K03394
2.3.1.60	K03395
4.4.1.22	K03396
6.3.2.20	K03397
1.2.1.50	K03400
6.6.1.1	K03403
3.5.1.44	K03411
3.1.1.61	K03412
2.1.3.1	K03416
4.1.3.30	K03417
3.5.1.56	K03418
1.8.1.13	K03423
3.6.1.22	K03426
2.1.1.11	K03428
2.4.1.315	K03429
2.6.1.37	K03430
5.4.2.10	K03431
3.5.1.89	K03434
2.1.1.199	K03438
2.1.1.33	K03439
2.4.2.12	K03462
5.5.1.30	K03463
5.3.3.4	K03464
2.1.1.148	K03465
3.1.26.4	K03469
1.2.1.72	K03472
1.1.1.290	K03473
2.6.99.2	K03474
3.5.1.105	K03478
2.4.3.3	K03479
2.1.1.176	K03500
2.1.1.170	K03501
2.5.1.72	K03517
1.2.5.3	K03518
1.17.7.1	K03526
1.17.7.3	K03526
1.17.7.4	K03527
5.1.3.32	K03534
5.6.2.4	K03550
3.6.1.55	K03574
3.2.2.31	K03575
3.6.4.13	K03578
3.1.11.5	K03581
1.16.3.1	K03594
3.1.11.6	K03601
2.7.8.31	K03606
1.8.5.9	K03611
7.1.1.11	K03614
7.2.1.2	K03614
2.3.1.274	K03621
2.8.1.12	K03635
4.6.1.17	K03637
2.7.7.75	K03638
4.1.99.22	K03639
2.8.1.8	K03644
3.2.2.27	K03648
3.2.2.28	K03649
3.1.4.53	K03651
2.4.1.152	K03663
1.8.1.8	K03672
1.8.4.15	K03673
3.1.13.5	K03684
3.1.26.3	K03685
2.4.1.221	K03691
2.4.1.213	K03692
2.4.2.38	K03714
2.4.1.46	K03715
4.1.99.14	K03716
2.4.1.216	K03731
2.7.1.180	K03734
4.3.1.7	K03735
1.2.7.5	K03738
1.20.4.4	K03741
3.5.1.42	K03742
2.10.1.1	K03750
2.7.7.77	K03752
2.7.8.43	K03760
2.4.1.206	K03766
1.1.5.12	K03777
1.1.1.28	K03778
4.2.1.32	K03779
1.11.1.6	K03781
1.11.1.21	K03782
2.4.2.1	K03783
4.2.1.10	K03785
2.3.1.266	K03789
2.3.1.267	K03790
1.5.1.33	K03793
3.4.21.102	K03797
6.3.1.20	K03800
2.3.1.181	K03801
6.3.2.29	K03802
6.3.2.30	K03802
2.4.1.129	K03814
2.3.1.269	K03820
2.3.1.304	K03821
2.3.1.183	K03823
2.3.1.53	K03825
2.4.1.142	K03842
2.4.1.132	K03843
2.4.1.257	K03843
2.4.1.131	K03844
2.4.1.258	K03845
2.4.1.259	K03846
2.4.1.261	K03846
2.4.1.260	K03847
2.4.1.267	K03848
2.4.1.265	K03849
2.4.1.256	K03850
2.6.1.77	K03851
2.3.3.15	K03852
3.4.22.53	K03853
2.4.1.198	K03857
1.14.13.82	K03862
2.3.2.32	K03868
2.3.2.26	K03874
1.6.5.9	K03885
6.3.2.38	K03894
6.3.2.39	K03895
2.3.1.102	K03896
1.14.13.59	K03897
2.6.1.36	K03918
1.14.11.33	K03919
1.14.19.2	K03921
1.14.19.11	K03921
1.14.19.26	K03921
1.6.5.10	K03923
3.1.1.84	K03927
3.1.1.56	K03927
5.3.4.1	K03981
3.4.21.104	K03993
2.5.1.154	K04032
1.21.98.3	K04034
1.14.13.81	K04035
1.3.7.7	K04037
2.5.1.62	K04040
2.5.1.133	K04040
2.3.1.157	K04042
1.11.1.28	K04063
1.97.1.4	K04068
6.3.4.19	K04075
5.6.1.7	K04077
1.8.4.16	K04084
1.14.14.5	K04091
1.14.14.34	K04091
2.1.1.74	K04094
2.7.7.108	K04095
1.13.11.37	K04098
1.13.11.57	K04099
1.13.11.8	K04100
4.1.1.55	K04102
4.1.1.74	K04103
6.2.1.27	K04105
6.2.1.25	K04105
1.1.7.1	K04107
1.3.7.8	K04112
1.3.1.62	K04118
1.1.1.51	K04119
1.1.1.188	K04119
5.5.1.13	K04120
4.2.3.19	K04121
1.14.14.86	K04122
1.14.14.107	K04123
1.14.11.15	K04124
1.14.11.13	K04125
1.21.3.1	K04126
5.1.1.17	K04127
2.1.3.7	K04128
1.8.1.12	K04283
2.7.1.65	K04339
2.1.4.2	K04340
2.4.2.27	K04341
3.1.3.39	K04342
2.7.1.72	K04343
2.7.11.11	K04345
2.7.12.2	K04368
2.7.11.24	K04371
2.7.11.30	K04388
3.4.22.57	K04394
3.4.22.64	K04394
3.4.22.58	K04395
3.4.22.59	K04396
3.4.22.60	K04397
3.4.22.61	K04398
3.4.22.62	K04399
3.4.22.63	K04400
2.7.11.25	K04415
2.7.10.2	K04447
2.1.1.367	K04462
2.7.11.10	K04467
2.1.1.90	K04480
2.8.1.7	K04487
1.1.1.428	K04496
3.4.23.46	K04521
2.3.2.31	K04556
1.7.2.5	K04561
6.1.1.6	K04566
1.1.3.9	K04618
2.4.1.47	K04628
1.1.1.102	K04708
2.3.1.297	K04709
2.3.1.299	K04710
1.14.19.17	K04712
1.14.18.5	K04712
2.7.8.27	K04714
2.7.1.138	K04715
2.7.1.91	K04718
1.13.11.79	K04719
4.1.1.81	K04720
3.4.21.107	K04771
6.2.1.66	K04780
4.2.99.21	K04781
4.3.1.2	K04835
1.5.1.28	K04940
5.6.1.6	K05031
1.1.1.65	K05275
1.14.20.4	K05277
1.14.20.6	K05278
2.1.1.76	K05279
1.14.14.82	K05280
1.3.1.45	K05281
1.14.11.12	K05282
1.18.1.1	K05297
1.2.1.13	K05298
1.17.1.10	K05299
2.5.1.57	K05304
2.5.1.132	K05304
2.7.1.52	K05305
3.11.1.1	K05306
3.6.1.28	K05307
4.2.1.140	K05308
5.3.99.3	K05309
2.4.1.4	K05341
2.4.1.64	K05342
5.4.99.16	K05343
4.6.1.25	K05345
1.1.1.9	K05351
1.1.1.405	K05352
2.1.1.53	K05353
1.1.1.236	K05354
2.5.1.82	K05355
2.5.1.83	K05355
2.5.1.84	K05356
2.5.1.85	K05356
1.17.4.4	K05357
1.1.5.8	K05358
1.8.4.2	K05360
1.11.1.12	K05361
6.3.2.7	K05362
2.3.2.10	K05363
1.5.1.41	K05368
1.3.7.2	K05369
1.3.7.3	K05370
1.3.7.5	K05371
3.8.1.8	K05394
4.4.1.15	K05396
3.4.24.19	K05502
3.2.2.24	K05521
4.2.1.130	K05523
1.14.14.84	K05525
3.5.1.96	K05526
2.4.1.232	K05528
1.3.1.88	K05542
1.3.1.91	K05543
1.3.1.89	K05544
1.3.1.90	K05545
3.2.1.207	K05546
1.14.12.10	K05549
2.3.1.260	K05551
2.3.1.235	K05551
3.5.1.38	K05597
1.14.12.1	K05599
1.7.99.1	K05601
3.5.3.13	K05603
3.4.13.20	K05604
3.1.2.4	K05605
5.1.99.1	K05606
4.2.1.18	K05607
7.4.2.14	K05653
7.6.2.2	K05658
7.6.2.3	K05665
7.6.2.4	K05675
7.6.2.8	K05678
1.14.12.19	K05708
1.3.1.87	K05711
1.14.13.127	K05712
1.13.11.16	K05713
3.7.1.14	K05714
2.7.2.16	K05715
6.5.1.9	K05716
2.7.4.23	K05774
2.7.8.37	K05780
1.3.1.25	K05783
1.17.9.1	K05797
2.5.1.25	K05812
7.6.2.10	K05816
2.6.1.58	K05821
2.6.1.28	K05821
2.3.1.89	K05822
3.5.1.47	K05823
1.1.1.87	K05824
6.3.2.43	K05827
2.7.2.17	K05828
2.7.2.19	K05828
1.2.1.103	K05829
1.2.1.106	K05829
2.6.1.118	K05830
2.6.1.124	K05830
3.5.1.130	K05831
3.5.1.132	K05831
2.4.1.173	K05841
2.7.1.121	K05878
1.1.1.91	K05882
1.1.1.337	K05884
1.1.1.276	K05886
1.1.1.282	K05887
1.1.2.6	K05889
1.3.1.42	K05894
1.3.1.54	K05895
1.3.1.106	K05895
1.3.3.16	K05897
1.3.99.4	K05898
1.5.1.30	K05901
1.8.3.5	K05906
1.8.3.6	K05906
1.8.4.9	K05907
1.8.5.2	K05908
1.11.1.1	K05910
1.13.11.41	K05913
1.13.12.7	K05914
1.13.11.89	K05915
1.13.11.78	K05915
1.14.12.17	K05916
1.14.14.154	K05917
1.14.15.36	K05917
1.14.19.55	K05918
1.15.1.2	K05919
4.1.1.68	K05921
1.12.5.1	K05922
2.1.1.348	K05925
2.1.1.230	K05926
2.1.1.95	K05928
2.1.1.103	K05929
2.1.1.319	K05931
1.14.17.4	K05933
2.1.1.131	K05934
2.1.1.272	K05934
2.1.1.133	K05936
2.1.1.271	K05936
2.3.1.40	K05939
2.3.1.137	K05940
2.3.2.15	K05941
2.3.3.3	K05942
2.4.1.187	K05946
2.4.1.217	K05947
2.4.1.222	K05948
2.4.2.37	K05951
2.5.1.43	K05953
2.5.1.58	K05954
2.5.1.59	K05955
2.5.1.60	K05956
2.6.1.50	K05957
2.7.1.145	K05961
2.7.7.61	K05964
2.4.2.52	K05966
3.1.1.53	K05970
3.1.1.72	K05972
3.1.1.75	K05973
3.13.1.3	K05977
3.1.3.69	K05978
3.1.3.71	K05979
3.1.21.7	K05982
3.1.26.8	K05985
3.1.30.1	K05986
3.2.1.11	K05988
3.2.1.40	K05989
3.2.1.123	K05991
3.4.11.10	K05994
3.4.13.21	K05995
3.4.17.18	K05996
3.4.21.100	K05998
3.4.21.101	K05999
3.4.22.2	K06000
3.4.23.1	K06002
3.4.23.18	K06004
3.4.23.24	K06005
3.4.23.38	K06007
3.4.23.39	K06008
3.4.23.41	K06009
3.4.24.69	K06011
3.4.24.78	K06012
3.4.24.84	K06013
3.5.1.81	K06015
3.5.1.87	K06016
3.6.1.10	K06018
3.6.4.6	K06027
4.1.1.76	K06033
4.1.1.79	K06034
4.2.1.69	K06035
4.6.1.14	K06038
5.4.99.61	K06042
5.4.99.60	K06042
5.4.99.15	K06044
5.4.99.17	K06045
4.2.1.129	K06045
6.2.1.19	K06046
6.3.2.25	K06047
3.4.24.86	K06059
3.5.1.98	K06067
1.14.99.29	K06072
2.1.1.354	K06101
3.2.1.99	K06113
3.1.3.21	K06116
3.13.1.1	K06118
4.2.1.30	K06120
1.1.1.101	K06123
3.1.3.75	K06124
1.3.3.11	K06137
1.21.98.4	K06139
1.1.99.3	K06151
3.6.1.63	K06162
4.7.1.1	K06163
3.1.4.55	K06167
2.8.4.3	K06168
1.14.99.69	K06169
5.4.99.12	K06173
5.4.99.26	K06175
5.4.99.27	K06176
5.4.99.28	K06177
5.4.99.29	K06177
5.4.99.22	K06178
5.4.99.24	K06179
5.4.99.23	K06180
5.4.99.20	K06181
5.4.99.21	K06182
5.4.99.19	K06183
2.7.1.22	K06211
4.3.3.6	K06215
1.1.1.346	K06221
1.12.99.6	K06281
1.16.3.3	K06324
3.4.21.116	K06399
2.1.1.226	K06442
2.1.1.227	K06442
5.5.1.19	K06443
5.5.1.18	K06444
1.2.1.71	K06447
5.3.99.11	K06606
2.4.1.67	K06611
2.4.1.82	K06617
2.7.11.21	K06631
3.4.24.81	K06704
1.14.11.66	K06709
1.14.11.69	K06709
2.3.1.178	K06718
4.2.1.108	K06720
5.4.99.62	K06726
7.3.2.6	K06857
7.5.2.5	K06861
6.3.4.23	K06863
4.4.1.37	K06864
2.5.1.73	K06868
4.1.99.13	K06876
1.7.1.13	K06879
3.1.13.3	K06881
1.14.11.61	K06892
3.1.3.90	K06896
2.5.1.105	K06897
2.5.1.143	K06898
1.13.11.24	K06911
6.3.4.24	K06914
2.9.1.3	K06917
6.3.4.20	K06920
6.3.1.14	K06927
6.3.4.22	K06932
1.21.98.5	K06937
2.1.1.192	K06941
3.1.3.100	K06949
3.1.3.89	K06952
2.3.1.193	K06957
3.2.2.10	K06966
2.1.1.217	K06967
2.1.1.186	K06968
2.1.1.191	K06969
2.1.1.181	K06970
2.7.4.26	K06981
2.7.1.169	K06982
2.4.2.54	K06984
1.5.1.40	K06988
1.4.1.21	K06989
5.3.3.17	K06998
1.3.1.114	K07007
3.5.1.118	K07008
6.3.5.13	K07009
3.1.3.24	K07024
3.1.3.70	K07026
2.7.2.18	K07030
2.7.1.168	K07031
3.1.1.120	K07046
3.5.1.91	K07047
3.1.3.97	K07053
2.5.1.114	K07055
2.1.1.198	K07056
2.5.1.128	K07057
2.7.7.85	K07067
2.5.1.131	K07072
2.7.1.221	K07102
4.2.1.126	K07106
2.1.1.266	K07115
3.5.1.97	K07116
1.3.1.48	K07119
3.5.2.17	K07127
2.7.7.76	K07141
2.7.4.31	K07144
1.14.99.48	K07145
2.4.99.18	K07151
4.4.1.21	K07173
3.1.4.52	K07181
3.1.1.79	K07188
3.1.1.108	K07214
1.14.99.58	K07215
1.16.1.9	K07229
4.3.2.7	K07232
1.1.1.93	K07246
4.1.1.73	K07246
1.1.1.83	K07246
1.2.1.22	K07248
1.2.1.21	K07248
1.2.1.36	K07249
2.6.1.22	K07250
2.6.1.48	K07250
2.7.1.89	K07251
3.6.1.43	K07252
5.3.2.1	K07253
2.1.1.206	K07254
3.4.17.14	K07260
2.4.2.43	K07264
2.7.7.74	K07281
3.4.22.70	K07284
2.7.8.34	K07291
1.3.99.16	K07302
1.8.4.11	K07304
1.8.4.12	K07305
1.8.5.3	K07306
1.97.1.9	K07309
2.1.1.298	K07320
2.7.11.12	K07376
1.14.14.51	K07381
1.14.14.52	K07382
4.2.3.119	K07384
4.2.3.120	K07384
4.2.3.108	K07385
1.8.5.7	K07393
1.14.14.73	K07418
1.14.14.74	K07418
1.14.14.75	K07418
1.14.14.24	K07419
1.14.14.80	K07422
1.14.14.79	K07427
1.14.14.29	K07430
1.14.14.139	K07431
2.4.1.141	K07432
1.14.15.5	K07433
1.14.14.14	K07434
1.14.15.16	K07436
1.14.15.18	K07438
1.14.14.26	K07439
1.14.14.25	K07440
2.1.1.219	K07442
2.1.1.220	K07442
2.1.1.213	K07446
3.1.12.1	K07464
1.2.99.7	K07469
1.3.1.38	K07512
1.1.1.211	K07515
3.1.1.22	K07518
4.2.1.100	K07537
1.1.1.368	K07538
3.7.1.21	K07539
4.1.99.11	K07540
2.8.3.15	K07543
1.3.8.3	K07545
4.2.1.180	K07546
1.1.1.429	K07547
2.3.1.310	K07549
2.4.1.274	K07553
2.6.1.97	K07557
3.1.1.96	K07560
2.5.1.108	K07561
2.7.7.87	K07566
2.4.99.17	K07568
6.1.1.27	K07587
5.1.99.7	K07589
2.7.1.161	K07732
2.3.1.311	K07739
3.4.23.45	K07747
1.1.1.170	K07748
2.8.3.16	K07749
1.14.18.9	K07750
3.4.11.23	K07751
3.4.17.22	K07752
1.21.99.3	K07754
2.1.1.137	K07755
2.7.4.21	K07756
3.1.3.74	K07758
3.2.1.143	K07759
3.4.24.79	K07762
3.4.24.80	K07763
3.4.24.82	K07764
3.4.24.85	K07765
3.6.1.52	K07766
5.6.1.1	K07767
2.6.1.87	K07806
2.8.2.29	K07808
2.8.2.30	K07809
1.7.2.3	K07811
2.4.1.86	K07819
1.14.14.92	K07824
3.2.1.166	K07964
2.4.1.90	K07966
2.4.1.38	K07966
2.4.1.275	K07969
2.4.1.146	K07970
3.4.23.52	K07991
3.2.1.183	K08068
3.5.1.92	K08069
1.3.1.74	K08070
1.10.5.1	K08071
3.1.3.32	K08073
2.7.1.78	K08073
3.4.24.21	K08076
3.6.1.45	K08077
4.3.3.8	K08079
1.14.18.2	K08080
1.1.1.206	K08081
1.1.1.130	K08092
4.1.2.43	K08093
5.3.1.27	K08094
3.1.1.74	K08095
3.5.4.29	K08096
4.4.1.19	K08097
3.1.1.14	K08099
1.3.3.5	K08100
1.3.7.4	K08101
2.8.2.35	K08105
2.8.2.33	K08106
1.14.11.7	K08134
1.6.5.4	K08232
3.1.1.78	K08233
2.4.1.207	K08235
2.4.1.210	K08236
2.4.1.218	K08237
2.4.2.39	K08238
2.7.8.17	K08239
2.7.11.7	K08240
2.1.1.141	K08241
2.1.1.143	K08242
2.7.9.4	K08244
3.4.23.40	K08245
5.5.1.9	K08246
2.1.1.12	K08247
4.1.2.10	K08248
4.1.2.11	K08249
3.2.1.59	K08254
1.8.1.14	K08255
2.4.1.345	K08256
3.2.1.101	K08257
3.4.22.48	K08258
3.4.24.75	K08259
3.5.1.90	K08260
1.1.99.21	K08261
1.14.19.39	K08262
1.8.98.1	K08264
2.7.12.1	K08287
6.3.1.21	K08289
2.7.11.8	K08290
2.7.11.16	K08291
2.7.11.20	K08292
6.2.1.32	K08295
1.3.8.13	K08297
2.8.3.21	K08298
4.2.1.149	K08299
3.1.26.12	K08300
3.6.1.67	K08310
3.4.23.51	K08315
2.1.1.171	K08316
1.1.1.373	K08318
1.1.1.411	K08319
3.6.1.65	K08320
2.3.1.245	K08321
1.1.1.380	K08322
1.17.5.3	K08348
1.8.5.5	K08352
1.20.2.1	K08355
1.20.9.1	K08355
7.2.1.3	K08360
2.7.3.9	K08483
3.4.23.48	K08566
3.4.18.1	K08568
3.4.22.35	K08570
3.4.22.51	K08571
3.4.22.54	K08573
3.4.22.8	K08587
3.4.22.37	K08589
3.5.1.111	K08590
2.3.1.275	K08591
3.4.22.71	K08600
3.4.24.27	K08603
3.4.24.25	K08604
3.4.24.30	K08605
3.4.24.63	K08606
3.4.24.14	K08618
3.4.24.87	K08627
3.4.13.22	K08641
3.4.24.68	K08644
3.4.24.83	K08645
3.4.24.20	K08646
3.4.21.118	K08650
3.4.21.66	K08651
3.4.21.110	K08652
3.4.21.112	K08653
3.4.13.18	K08660
3.4.21.106	K08665
3.4.21.117	K08668
3.4.21.108	K08669
3.4.21.109	K08670
4.1.1.35	K08678
5.1.3.6	K08679
4.2.99.20	K08680
3.1.4.14	K08682
1.1.1.178	K08683
1.4.9.1	K08685
1.14.12.13	K08686
3.5.1.59	K08687
3.5.3.3	K08688
1.14.12.18	K08689
1.3.1.56	K08690
4.1.3.24	K08691
4.1.3.25	K08691
6.2.1.9	K08692
1.3.1.77	K08695
3.5.4.42	K08710
3.1.4.35	K08718
3.3.2.10	K08726
3.1.3.76	K08726
2.4.2.6	K08728
2.7.8.29	K08730
2.7.8.41	K08744
6.2.1.7	K08748
2.3.1.176	K08764
2.3.1.21	K08765
3.4.11.14	K08776
3.4.17.1	K08779
4.2.2.20	K08961
4.2.2.21	K08961
5.3.1.23	K08963
4.2.1.109	K08964
5.3.2.5	K08965
3.1.3.87	K08966
1.13.11.53	K08967
1.13.11.54	K08967
1.8.4.14	K08968
2.6.1.117	K08969
4.2.1.161	K08977
2.7.1.170	K09001
2.3.3.21	K09011
1.14.99.46	K09018
3.5.1.110	K09020
3.5.99.10	K09022
2.1.3.9	K09065
4.99.1.12	K09121
4.2.1.171	K09123
2.5.1.63	K09134
1.13.11.49	K09162
2.6.1.82	K09251
3.1.1.73	K09252
2.3.1.179	K09458
4.1.1.82	K09459
1.14.13.40	K09461
3.4.21.119	K09462
6.3.1.11	K09470
1.2.1.99	K09472
3.5.1.94	K09473
1.3.8.5	K09478
1.3.8.9	K09479
2.4.1.241	K09480
4.2.1.118	K09483
1.1.1.24	K09484
3.6.4.10	K09490
1.3.99.23	K09516
1.14.14.178	K09587
1.14.19.79	K09588
1.14.14.179	K09590
1.3.1.22	K09591
1.14.11.29	K09592
3.4.21.122	K09633
2.4.1.313	K09654
2.4.1.244	K09656
2.4.1.255	K09667
7.6.2.12	K09689
7.5.2.4	K09693
7.2.2.4	K09697
6.1.1.24	K09698
2.3.1.168	K09699
3.4.17.23	K09708
4.2.1.153	K09709
6.3.2.36	K09722
4.2.3.153	K09733
2.7.1.237	K09735
1.2.1.44	K09753
1.14.14.96	K09754
2.3.1.91	K09756
2.3.1.92	K09757
4.1.1.12	K09758
6.1.1.23	K09759
2.1.1.193	K09761
1.17.99.6	K09765
2.7.4.28	K09773
2.7.11.33	K09773
2.7.8.12	K09809
7.2.2.20	K09817
1.1.1.270	K09827
1.3.1.72	K09828
1.14.19.41	K09831
2.5.1.115	K09833
2.5.1.116	K09833
5.5.1.24	K09834
5.2.1.13	K09835
1.14.99.63	K09836
1.14.99.64	K09836
1.14.14.158	K09837
1.14.15.21	K09838
1.23.5.1	K09839
1.13.11.51	K09840
1.1.1.288	K09841
1.2.3.14	K09842
1.14.14.137	K09843
4.2.1.131	K09844
1.3.99.27	K09845
2.1.1.210	K09846
1.14.15.9	K09847
1.3.99.39	K09879
1.3.99.40	K09879
3.1.3.77	K09880
2.7.1.94	K09881
3.5.4.30	K09887
3.5.1.135	K09900
2.7.4.22	K09903
5.3.1.15	K09988
2.3.1.280	K09994
2.1.2.13	K10011
1.1.1.305	K10011
2.4.2.53	K10012
4.3.99.3	K10026
1.3.99.26	K10027
1.3.99.28	K10027
1.3.99.29	K10027
1.3.99.31	K10027
4.1.1.84	K10028
5.1.3.18	K10046
3.1.3.93	K10047
4.1.1.90	K10106
2.5.1.65	K10150
4.2.3.37	K10156
4.2.3.22	K10187
4.2.3.75	K10187
4.1.99.16	K10187
2.3.1.199	K10203
2.6.1.83	K10206
1.1.1.64	K10207
2.5.1.96	K10208
1.3.8.2	K10209
1.14.99.44	K10210
3.2.2.8	K10213
1.17.99.3	K10214
3.7.1.9	K10216
1.2.1.32	K10217
1.2.1.85	K10217
4.1.3.17	K10218
1.1.1.312	K10219
4.2.1.83	K10220
3.1.1.57	K10221
3.7.1.8	K10222
1.14.99.38	K10223
1.14.19.44	K10224
2.4.1.230	K10231
1.1.1.330	K10251
1.13.11.71	K10252
4.2.1.53	K10254
1.14.19.23	K10255
1.14.19.45	K10255
1.14.19.6	K10256
1.14.19.22	K10256
1.14.19.25	K10257
1.14.19.35	K10257
1.14.19.36	K10257
1.3.1.93	K10258
1.14.11.27	K10276
1.14.11.73	K10277
1.14.14.54	K10437
1.14.13.63	K10438
7.5.2.7	K10441
2.7.1.173	K10524
5.3.99.6	K10525
1.13.11.92	K10529
1.1.3.2	K10530
1.14.13.195	K10531
1.14.13.196	K10531
2.3.1.78	K10532
3.3.2.8	K10533
1.7.1.1	K10534
1.7.1.2	K10534
1.7.1.3	K10534
1.7.2.6	K10535
3.5.3.12	K10536
7.5.2.12	K10539
7.5.2.11	K10542
7.5.2.10	K10545
7.5.2.8	K10551
3.2.2.23	K10563
4.8.1.4	K10566
2.7.1.158	K10572
2.3.2.34	K10579
2.3.2.24	K10581
1.14.15.25	K10616
1.14.12.25	K10619
1.3.1.58	K10620
1.13.11.14	K10621
2.3.2.36	K10636
2.7.1.160	K10669
1.21.4.2	K10670
1.21.4.3	K10670
1.21.4.4	K10670
2.7.1.87	K10673
1.14.11.55	K10674
4.2.1.66	K10675
1.14.13.20	K10676
4.2.2.17	K10677
6.2.1.64	K10686
2.3.2.25	K10688
2.3.2.33	K10693
1.17.99.2	K10700
6.4.1.8	K10701
3.7.1.25	K10702
4.2.1.134	K10703
5.1.3.41	K10709
2.7.1.218	K10710
1.13.11.19	K10712
4.2.1.147	K10713
2.1.1.325	K10718
1.14.99.22	K10723
1.1.3.16	K10724
6.5.1.6	K10747
6.5.1.7	K10747
2.4.1.91	K10757
1.8.3.2	K10758
3.1.1.20	K10759
2.5.1.27	K10760
2.5.1.112	K10760
2.7.7.79	K10761
1.14.11.51	K10765
1.14.11.53	K10767
2.1.1.229	K10770
4.3.1.23	K10774
4.3.1.24	K10775
1.3.1.104	K10780
3.1.2.14	K10781
1.11.2.2	K10789
1.21.4.1	K10793
1.3.1.31	K10797
5.3.99.10	K10810
2.5.1.2	K10811
1.4.99.5	K10814
2.3.1.94	K10817
7.5.2.9	K10820
7.4.2.2	K10822
7.2.2.11	K10824
7.2.2.16	K10829
7.2.2.5	K10830
7.6.2.7	K10831
2.7.1.164	K10837
2.3.1.164	K10852
6.4.1.6	K10854
1.14.11.54	K10860
3.6.1.70	K10863
3.6.1.71	K10863
3.6.1.72	K10863
1.14.18.3	K10944
1.14.99.39	K10944
1.3.1.83	K10960
1.3.1.111	K10960
3.5.4.38	K10989
7.6.2.11	K11072
7.6.2.16	K11076
7.5.2.6	K11085
2.3.1.286	K11121
1.1.1.300	K11146
2.3.1.76	K11155
3.1.1.64	K11158
5.3.3.22	K11158
1.1.99.24	K11173
1.8.99.5	K11180
1.4.3.22	K11182
1.11.1.27	K11188
2.7.1.192	K11192
2.7.1.195	K11200
3.5.1.128	K11206
2.7.1.166	K11211
2.7.8.28	K11212
2.7.1.14	K11214
2.7.1.189	K11216
1.3.7.14	K11333
1.3.7.15	K11333
4.2.1.165	K11336
1.1.1.396	K11337
1.2.7.6	K11389
2.1.1.174	K11391
2.1.1.178	K11392
2.1.1.346	K11393
1.5.5.3	K11394
4.1.2.55	K11395
2.1.1.355	K11419
2.1.1.366	K11421
2.1.1.359	K11423
2.1.1.357	K11424
2.1.1.370	K11425
2.1.1.371	K11425
2.1.1.360	K11427
2.1.1.361	K11428
2.1.1.362	K11429
2.1.1.356	K11430
2.1.1.364	K11431
2.1.1.321	K11438
2.7.1.13	K11441
1.14.11.67	K11446
1.14.11.68	K11447
1.14.99.66	K11450
1.1.3.15	K11517
5.3.1.32	K11530
2.3.1.301	K11608
2.3.1.293	K11609
2.3.1.294	K11609
1.3.1.118	K11611
6.1.1.26	K11627
2.3.1.111	K11628
1.4.1.24	K11646
2.3.2.16	K11693
2.3.2.17	K11694
2.3.2.18	K11695
2.4.1.50	K11703
6.3.2.12	K11754
2.5.1.87	K11778
2.5.1.147	K11779
4.3.1.32	K11779
4.2.1.151	K11782
3.2.2.26	K11783
1.21.98.1	K11784
2.7.1.106	K11809
1.14.14.156	K11812
1.14.13.168	K11816
1.2.3.7	K11817
1.14.14.45	K11818
2.4.1.195	K11820
2.8.2.24	K11821
2.8.2.14	K11822
4.8.1.3	K11868
5.4.99.13	K11942
1.13.11.38	K11948
4.1.2.34	K11949
3.5.4.33	K11991
3.1.2.27	K11992
2.7.7.80	K11996
2.8.1.11	K11996
3.1.2.28	K12073
1.14.14.40	K12153
1.14.14.42	K12154
1.14.14.43	K12156
7.2.4.8	K12203
6.3.2.31	K12234
6.3.2.34	K12234
5.1.1.18	K12235
6.2.1.61	K12238
6.2.1.69	K12239
2.4.1.229	K12244
4.2.3.6	K12249
4.2.3.7	K12250
3.5.1.53	K12251
2.6.1.84	K12252
4.1.1.75	K12253
1.2.1.54	K12254
3.5.3.7	K12255
2.6.1.113	K12256
1.5.3.16	K12259
1.8.98.2	K12260
4.1.2.63	K12261
1.10.3.17	K12262
2.1.1.264	K12297
2.1.1.173	K12297
2.4.1.298	K12338
2.5.1.144	K12339
1.3.1.94	K12345
2.4.1.111	K12356
4.2.1.107	K12405
4.2.1.119	K12405
1.1.1.181	K12408
1.14.19.31	K12418
6.2.1.50	K12424
6.2.1.57	K12425
6.2.1.59	K12426
6.2.1.49	K12427
2.3.1.261	K12430
2.3.1.287	K12431
2.3.1.252	K12432
2.3.1.295	K12436
2.3.1.292	K12440
2.7.1.46	K12446
2.7.7.64	K12447
5.1.3.5	K12448
4.2.1.76	K12450
1.1.1.342	K12453
5.1.3.10	K12454
1.1.1.341	K12455
1.1.1.275	K12466
4.2.3.15	K12467
2.5.1.117	K12501
2.1.1.295	K12502
2.5.1.68	K12503
2.5.1.91	K12504
6.2.1.34	K12508
2.4.1.325	K12582
3.6.1.59	K12584
3.6.1.62	K12613
2.1.1.38	K12635
1.14.14.147	K12637
1.14.14.180	K12640
2.1.1.111	K12643
2.3.1.159	K12644
1.14.15.39	K12645
4.2.3.47	K12645
5.1.1.8	K12658
4.1.2.53	K12660
4.2.1.90	K12661
5.3.3.21	K12663
2.5.1.66	K12673
6.3.3.4	K12674
1.14.11.21	K12675
3.5.3.22	K12676
1.14.11.11	K12692
1.14.20.13	K12692
3.2.1.105	K12693
2.3.1.160	K12694
3.2.1.125	K12695
2.4.1.219	K12695
1.14.14.103	K12696
1.14.11.20	K12697
2.3.1.107	K12698
2.1.1.284	K12705
2.5.1.111	K12707
1.13.11.83	K12708
1.13.12.23	K12708
6.3.1.15	K12709
2.4.1.302	K12711
2.1.1.285	K12712
2.1.3.12	K12713
6.2.1.53	K12719
1.3.8.14	K12721
2.1.1.158	K12729
2.1.1.159	K12730
2.1.1.160	K12731
4.2.3.27	K12742
6.3.2.26	K12743
1.14.20.1	K12744
1.14.11.26	K12745
2.3.1.175	K12747
3.5.1.93	K12748
2.1.1.308	K12902
1.11.1.23	K12903
1.1.1.309	K12904
1.13.11.72	K12905
2.7.7.93	K12908
2.7.8.23	K12909
2.3.3.18	K12910
6.2.1.67	K12912
2.1.1.326	K12914
4.2.3.17	K12921
1.14.14.106	K12922
2.3.1.162	K12923
1.14.14.105	K12924
2.3.1.166	K12925
2.3.1.167	K12926
4.2.3.18	K12927
4.2.3.132	K12927
5.5.1.12	K12927
4.2.3.42	K12928
5.5.1.14	K12928
4.2.3.8	K12929
2.4.1.115	K12930
2.3.1.171	K12931
2.4.1.297	K12933
2.3.1.172	K12934
2.3.1.214	K12935
2.3.1.153	K12936
2.4.1.254	K12937
2.4.1.238	K12939
7.2.2.22	K12950
7.2.2.8	K12956
1.1.1.183	K12957
3.5.4.31	K12960
3.5.4.28	K12960
3.5.4.37	K12968
2.3.1.251	K12973
2.3.1.242	K12974
2.7.8.42	K12975
2.4.1.377	K12992
2.4.1.371	K12993
2.4.1.349	K12994
2.4.1.348	K12995
2.4.1.60	K13005
2.6.1.102	K13010
1.1.1.335	K13016
2.6.1.98	K13017
2.3.1.201	K13018
5.1.3.23	K13019
2.7.4.24	K13024
1.14.14.36	K13027
4.8.1.2	K13028
1.14.14.37	K13029
2.4.1.85	K13030
3.2.1.117	K13031
3.2.1.118	K13032
4.1.2.47	K13033
4.4.1.9	K13034
3.5.5.4	K13035
4.2.1.65	K13035
6.3.2.49	K13037
6.3.2.5	K13038
2.1.1.161	K13042
2.1.3.11	K13043
3.4.19.5	K13051
2.4.1.245	K13057
2.4.1.246	K13058
2.7.1.162	K13059
2.3.1.184	K13060
2.6.1.86	K13063
4.3.1.25	K13064
2.3.1.133	K13065
2.1.1.68	K13066
2.4.1.120	K13068
1.1.1.295	K13070
1.14.15.17	K13071
1.14.19.69	K13074
3.1.1.81	K13075
1.14.19.18	K13076
1.14.20.5	K13077
1.21.3.6	K13079
2.4.1.236	K13080
1.17.1.3	K13081
1.1.1.234	K13082
1.14.14.81	K13083
3.1.3.78	K13084
3.1.3.79	K13086
1.14.11.80	K13097
4.1.2.8	K13222
1.14.14.153	K13223
1.14.14.157	K13224
1.14.14.109	K13225
1.14.14.110	K13226
2.4.1.202	K13227
1.14.11.59	K13229
2.1.1.241	K13230
2.3.1.146	K13231
2.3.1.95	K13232
2.3.1.218	K13233
2.3.1.217	K13234
1.3.1.124	K13236
1.14.13.39	K13240
1.1.1.45	K13247
2.1.3.6	K13252
1.14.14.87	K13257
4.2.1.105	K13258
2.1.1.212	K13259
2.1.1.46	K13259
1.14.14.90	K13260
1.14.14.89	K13260
1.14.14.93	K13261
2.1.1.150	K13262
2.4.1.170	K13263
2.3.1.115	K13264
1.1.1.348	K13265
2.4.1.234	K13269
2.8.2.25	K13270
2.8.2.27	K13271
2.1.1.267	K13272
3.4.15.6	K13282
3.4.16.5	K13289
2.7.7.52	K13291
2.5.1.145	K13292
1.1.1.266	K13306
2.1.1.235	K13307
2.6.1.33	K13308
4.3.1.30	K13309
2.6.1.106	K13310
2.1.1.234	K13311
5.1.3.27	K13312
1.1.1.364	K13313
2.1.1.239	K13320
1.1.1.384	K13327
4.2.1.164	K13328
2.6.1.110	K13329
2.1.1.324	K13330
1.2.1.84	K13356
1.5.3.14	K13366
1.5.3.17	K13367
1.1.1.239	K13368
1.1.1.105	K13369
1.4.9.2	K13371
5.4.99.30	K13379
4.2.1.78	K13382
2.1.1.128	K13383
2.1.1.115	K13384
2.1.1.140	K13384
1.14.14.102	K13385
2.1.1.116	K13386
1.14.19.66	K13387
1.14.19.51	K13389
2.1.1.291	K13390
1.14.19.67	K13391
1.1.1.248	K13392
2.3.1.150	K13393
1.1.1.247	K13394
1.14.19.64	K13395
1.14.19.68	K13395
1.14.19.73	K13395
2.1.1.122	K13396
2.1.1.117	K13397
2.1.1.118	K13398
1.14.19.62	K13400
1.14.14.38	K13401
1.14.14.162	K13406
1.6.3.1	K13411
1.8.3.7	K13444
4.1.1.97	K13484
2.4.1.203	K13492
2.4.2.40	K13494
2.4.1.215	K13495
2.3.1.198	K13508
2.3.1.23	K13510
2.3.1.67	K13510
3.1.1.82	K13544
1.3.7.12	K13545
4.2.3.124	K13546
2.6.1.100	K13547
2.6.1.101	K13547
1.1.1.329	K13548
1.1.99.38	K13549
2.4.1.283	K13550
2.4.1.284	K13550
3.5.1.112	K13551
1.1.3.43	K13552
2.6.1.93	K13553
2.4.2.49	K13554
3.1.3.88	K13555
2.4.1.285	K13556
6.2.1.39	K13559
4.1.1.95	K13560
1.14.14.13	K13561
2.3.2.19	K13563
4.3.2.6	K13564
2.5.1.93	K13565
3.5.1.3	K13566
6.3.1.19	K13571
1.1.1.237	K13574
1.14.13.122	K13600
2.1.1.332	K13601
2.1.1.331	K13602
4.2.1.169	K13603
2.1.1.333	K13604
1.1.1.294	K13606
2.8.3.17	K13607
1.14.13.101	K13608
1.5.1.21	K13609
2.3.1.93	K13610
3.1.1.89	K13617
3.1.1.111	K13618
3.1.1.118	K13619
2.4.1.66	K13646
2.4.1.43	K13648
2.4.1.252	K13657
2.4.1.251	K13658
2.4.1.264	K13659
2.4.1.376	K13667
2.4.2.63	K13667
2.4.1.346	K13668
2.4.2.42	K13676
2.4.1.208	K13677
2.4.1.242	K13679
2.4.1.32	K13680
2.4.2.46	K13686
2.4.1.121	K13692
2.4.1.266	K13693
3.1.1.93	K13702
3.5.1.60	K13720
4.1.1.86	K13745
1.5.1.43	K13746
4.1.1.96	K13747
2.4.1.201	K13748
6.4.1.5	K13777
4.2.1.57	K13779
2.7.4.14	K13800
3.1.1.116	K13806
1.1.1.376	K13873
3.1.1.15	K13874
4.2.1.25	K13875
4.2.1.43	K13876
1.2.1.26	K13877
1.2.1.87	K13922
2.3.1.222	K13923
2.3.1.187	K13929
4.1.1.87	K13932
2.7.7.66	K13934
1.5.1.50	K13938
1.12.98.2	K13942
1.1.1.263	K13981
3.1.4.54	K13985
2.7.7.96	K13987
3.5.1.107	K13995
1.1.2.7	K14028
4.2.3.28	K14036
4.2.3.29	K14037
4.2.3.99	K14037
4.2.3.30	K14038
1.14.14.176	K14039
1.14.14.145	K14040
4.2.3.32	K14041
4.2.3.44	K14042
4.2.3.33	K14044
4.2.3.34	K14045
4.2.3.35	K14046
4.2.3.43	K14047
1.12.98.3	K14068
2.1.1.246	K14080
2.1.1.377	K14080
2.1.1.247	K14082
2.1.1.250	K14083
1.2.1.31	K14085
2.5.1.34	K14130
2.5.1.80	K14131
2.5.1.106	K14132
2.5.1.110	K14134
2.5.1.100	K14135
2.4.2.45	K14136
1.5.1.8	K14157
1.5.1.9	K14157
4.2.3.46	K14173
4.2.3.81	K14174
4.2.3.48	K14175
4.2.3.39	K14176
4.2.3.38	K14177
4.2.3.24	K14178
4.2.3.23	K14179
4.2.3.9	K14180
4.2.3.73	K14181
4.2.3.86	K14181
4.2.3.21	K14182
4.2.3.13	K14183
4.2.3.104	K14184
4.2.3.57	K14184
4.2.3.58	K14185
4.2.3.80	K14185
4.2.3.56	K14186
2.7.7.69	K14190
2.1.1.183	K14191
2.3.2.3	K14205
2.5.1.86	K14215
2.7.7.84	K14216
1.14.13.232	K14252
1.14.13.233	K14252
2.1.1.335	K14255
1.14.13.38	K14256
1.14.13.234	K14256
1.14.19.49	K14257
4.2.1.141	K14259
1.14.19.9	K14266
2.6.1.80	K14271
2.6.1.4	K14272
3.1.1.110	K14274
4.2.1.82	K14275
4.2.3.2	K14286
2.6.1.88	K14287
2.3.1.64	K14329
1.2.1.80	K14330
4.1.99.5	K14331
4.1.1.46	K14333
5.5.1.5	K14334
2.1.1.188	K14336
1.14.15.35	K14366
2.4.1.328	K14367
2.4.1.278	K14368
2.1.1.254	K14369
1.14.13.154	K14370
6.5.1.8	K14415
6.2.1.33	K14417
3.8.1.7	K14418
1.14.18.10	K14423
1.14.18.11	K14424
2.8.4.4	K14441
1.3.1.85	K14446
5.4.99.63	K14447
1.3.8.12	K14448
4.2.1.148	K14449
3.1.2.30	K14451
2.3.1.22	K14456
6.2.1.40	K14466
1.2.1.75	K14468
1.1.1.298	K14468
1.3.1.84	K14469
4.2.1.116	K14469
6.2.1.36	K14469
5.4.1.3	K14470
2.8.3.22	K14471
1.14.14.11	K14481
6.3.2.52	K14506
1.2.1.4	K14519
1.14.13.84	K14520
4.2.1.120	K14534
5.3.3.3	K14534
2.1.1.260	K14568
4.1.2.46	K14577
1.14.12.12	K14579
1.14.12.23	K14579
1.14.12.24	K14579
1.18.1.7	K14581
1.3.1.29	K14582
1.3.1.60	K14582
1.13.11.56	K14583
5.99.1.4	K14584
4.1.2.45	K14585
1.16.3.4	K14588
2.1.1.57	K14589
2.1.1.296	K14590
5.3.99.8	K14593
5.3.99.9	K14594
2.4.1.263	K14595
2.4.1.276	K14596
1.16.1.6	K14618
2.5.1.151	K14618
3.5.1.102	K14653
1.1.1.302	K14654
3.5.1.121	K14662
3.5.1.14	K14677
1.1.1.243	K14730
3.1.1.83	K14731
1.1.1.144	K14732
1.14.13.107	K14733
1.1.1.311	K14746
6.3.2.11	K14755
2.1.1.310	K14835
2.1.1.287	K14850
2.1.1.205	K14864
1.14.14.127	K14937
1.14.14.128	K14937
1.14.19.21	K14938
6.3.2.32	K14940
2.7.7.68	K14941
2.7.7.105	K14941
1.14.13.114	K14974
1.14.11.32	K14975
1.14.11.31	K14976
3.5.3.26	K14977
1.14.14.39	K14984
1.2.1.76	K15017
2.1.1.258	K15023
1.1.99.31	K15054
1.7.1.16	K15057
1.13.11.74	K15059
1.13.11.76	K15059
2.1.1.341	K15066
3.5.99.5	K15067
4.2.3.25	K15086
4.2.3.26	K15087
4.2.3.16	K15088
1.14.14.99	K15089
1.1.1.223	K15090
1.3.1.82	K15091
1.3.1.81	K15092
1.14.14.143	K15093
1.1.1.207	K15094
1.1.1.208	K15095
4.2.3.20	K15096
4.2.3.10	K15097
5.5.1.8	K15098
1.14.14.83	K15099
1.3.1.78	K15226
6.2.1.18	K15232
1.13.11.66	K15240
1.21.4.5	K15241
1.5.1.37	K15245
1.14.14.173	K15246
2.1.1.311	K15264
5.4.99.43	K15265
2.3.1.221	K15316
2.3.1.165	K15320
2.1.1.202	K15334
2.1.1.203	K15335
2.1.1.204	K15336
3.5.1.106	K15357
3.5.2.18	K15358
1.14.13.163	K15359
2.6.1.55	K15372
1.1.1.313	K15373
1.21.99.1	K15393
2.1.1.200	K15396
2.3.1.188	K15400
2.1.1.214	K15430
2.3.1.253	K15431
3.5.4.34	K15440
2.1.1.221	K15445
2.1.1.225	K15446
2.1.1.211	K15447
4.1.3.44	K15449
2.1.1.282	K15450
2.1.1.290	K15451
2.3.1.231	K15451
5.4.99.44	K15452
5.4.99.42	K15453
2.1.1.223	K15460
2.1.1.61	K15461
2.1.1.315	K15467
1.14.14.151	K15472
2.1.1.168	K15508
1.1.1.308	K15509
1.1.98.2	K15510
1.14.13.208	K15511
4.1.2.44	K15513
1.2.1.77	K15514
1.2.1.81	K15515
2.3.1.192	K15517
2.3.1.189	K15520
2.4.1.250	K15521
2.7.1.171	K15522
2.7.1.172	K15523
3.5.1.103	K15525
6.3.1.13	K15526
2.5.1.76	K15527
3.5.1.99	K15528
3.1.3.84	K15529
3.1.1.86	K15530
3.2.1.156	K15531
3.2.1.172	K15532
2.4.1.211	K15533
2.4.1.247	K15534
2.7.9.5	K15535
1.14.16.5	K15537
3.2.1.130	K15538
7.6.2.14	K15555
2.1.1.218	K15566
7.3.2.4	K15578
1.11.2.4	K15629
2.7.7.78	K15630
2.8.1.9	K15631
2.1.1.224	K15632
5.4.2.12	K15633
6.2.1.46	K15646
2.3.2.28	K15647
2.7.7.71	K15669
6.2.1.74	K15670
1.1.1.146	K15680
1.11.1.20	K15717
1.13.11.58	K15718
3.2.1.169	K15719
1.11.1.19	K15733
1.1.5.13	K15736
1.14.11.64	K15737
6.1.2.1	K15739
6.3.2.33	K15740
2.3.3.17	K15741
5.2.1.12	K15744
1.3.99.30	K15745
1.14.15.24	K15746
3.2.1.175	K15748
1.14.12.22	K15751
3.7.1.13	K15756
1.14.15.26	K15757
1.14.13.236	K15760
1.14.12.14	K15766
3.5.4.44	K15783
3.5.1.125	K15784
4.2.3.49	K15793
3.1.7.6	K15793
4.2.3.55	K15794
4.2.3.40	K15795
4.2.3.59	K15796
5.5.1.17	K15797
4.2.3.50	K15798
4.2.3.53	K15798
4.2.3.54	K15798
4.2.3.69	K15799
4.2.3.78	K15799
4.2.3.79	K15799
1.14.14.95	K15800
4.2.3.71	K15801
4.2.3.60	K15802
4.2.3.61	K15804
1.14.14.149	K15805
4.2.3.76	K15806
4.2.3.70	K15807
4.2.3.87	K15807
4.2.3.93	K15807
4.2.3.67	K15809
5.4.99.37	K15810
5.4.99.32	K15811
5.4.99.33	K15812
5.4.99.39	K15813
1.14.14.134	K15814
5.4.99.40	K15815
5.4.99.41	K15815
4.2.1.128	K15816
4.2.1.125	K15817
5.4.99.34	K15818
5.4.99.35	K15819
5.4.99.36	K15820
5.4.99.31	K15821
5.4.99.38	K15822
4.2.1.124	K15823
2.6.1.78	K15849
2.6.1.79	K15849
3.2.1.165	K15855
1.1.1.281	K15856
2.8.4.5	K15865
5.3.3.18	K15866
1.1.1.395	K15869
1.3.1.115	K15870
2.8.3.25	K15871
4.2.1.106	K15872
1.3.1.116	K15873
1.7.1.14	K15877
2.5.1.92	K15887
2.5.1.89	K15888
1.1.1.216	K15890
1.1.1.354	K15891
2.7.1.216	K15892
4.2.1.115	K15894
2.6.1.92	K15895
2.3.1.202	K15896
3.6.1.57	K15897
2.5.1.97	K15898
2.7.7.81	K15899
1.14.15.32	K15907
2.6.1.34	K15910
2.5.1.153	K15911
4.2.1.135	K15912
2.3.1.203	K15913
2.4.1.290	K15914
2.7.8.36	K15915
2.7.1.31	K15918
3.2.1.199	K15922
3.2.1.136	K15924
1.13.12.22	K15941
2.1.1.288	K15942
5.5.1.26	K15943
5.5.1.23	K15943
1.1.1.362	K15944
2.4.1.326	K15946
2.4.1.327	K15948
1.1.3.45	K15949
1.3.3.14	K15949
1.14.13.180	K15950
2.1.1.292	K15954
1.14.13.181	K15955
3.1.1.95	K15957
4.2.1.154	K15968
1.13.12.21	K15969
1.14.13.200	K15972
1.14.15.29	K15981
1.14.15.30	K15982
2.1.1.242	K15984
7.2.3.1	K15987
2.4.1.316	K15989
1.14.15.34	K15991
2.4.1.317	K15993
2.4.1.318	K15994
2.1.1.102	K15995
2.1.1.101	K15996
2.3.1.240	K16000
2.3.1.239	K16000
2.4.1.277	K16004
1.14.15.33	K16006
4.2.1.144	K16016
2.7.1.179	K16018
2.1.1.240	K16040
1.1.1.370	K16043
1.1.1.371	K16044
1.14.15.28	K16046
1.14.14.12	K16047
1.13.11.25	K16049
3.7.1.17	K16050
1.3.99.5	K16051
1.1.1.381	K16066
4.2.3.103	K16082
1.14.14.76	K16083
1.14.14.112	K16084
1.14.14.123	K16084
1.14.14.111	K16085
3.1.7.10	K16086
6.2.1.70	K16126
2.7.1.175	K16146
2.4.99.16	K16147
2.4.1.342	K16148
1.14.13.25	K16157
3.7.1.20	K16165
1.3.99.32	K16173
2.1.1.248	K16176
2.1.1.249	K16178
5.4.99.58	K16180
6.3.2.59	K16181
1.16.99.1	K16183
4.2.3.130	K16188
2.7.1.43	K16190
5.4.99.52	K16204
5.4.99.54	K16204
5.4.99.56	K16205
5.4.99.57	K16206
5.4.99.53	K16207
2.4.1.281	K16212
5.1.3.11	K16213
2.7.1.176	K16214
2.1.1.243	K16215
1.1.1.320	K16216
2.1.1.255	K16217
4.2.3.118	K16218
2.1.1.244	K16219
1.14.13.244	K16242
1.14.13.243	K16242
1.14.14.41	K16265
1.3.1.19	K16269
1.3.1.119	K16269
2.2.1.11	K16305
2.2.1.10	K16306
2.1.1.257	K16317
2.1.1.256	K16318
2.7.1.83	K16328
4.2.1.70	K16329
2.7.1.174	K16368
1.13.11.46	K16421
1.1.3.46	K16422
2.6.1.103	K16423
2.3.1.246	K16424
1.13.11.80	K16427
4.2.1.159	K16435
2.4.1.311	K16440
2.4.1.322	K16443
2.4.1.310	K16444
5.3.2.8	K16514
6.3.2.61	K16582
6.3.2.62	K16583
1.14.14.46	K16593
2.4.2.47	K16647
2.4.1.287	K16649
2.4.1.288	K16650
2.7.1.177	K16651
1.1.1.333	K16652
1.1.98.3	K16653
2.3.1.225	K16675
2.3.1.210	K16704
4.2.1.114	K16792
2.3.1.296	K16813
1.14.13.113	K16839
5.1.99.3	K16841
1.1.1.310	K16843
1.1.1.338	K16844
4.4.1.24	K16845
3.6.1.64	K16855
2.1.1.265	K16868
2.3.1.204	K16869
2.4.1.289	K16870
2.6.1.96	K16871
2.3.1.207	K16872
1.1.3.47	K16873
6.2.1.31	K16876
1.3.99.8	K16877
1.14.14.8	K16901
1.5.1.45	K16902
2.6.1.99	K16903
3.6.1.12	K16904
1.14.11.79	K16914
3.5.4.35	K16930
3.5.4.36	K16932
2.8.2.3	K16949
1.13.11.55	K16952
4.4.1.3	K16953
2.1.1.251	K16954
1.8.2.4	K16964
1.14.13.131	K16967
1.14.13.111	K16968
1.97.1.1	K17050
2.1.1.268	K17053
1.1.1.318	K17055
1.1.1.319	K17056
2.1.1.146	K17057
2.1.1.279	K17059
1.1.1.272	K17064
1.1.3.13	K17066
1.2.98.1	K17067
1.1.99.37	K17067
4.5.1.3	K17070
3.5.1.113	K17078
2.2.1.3	K17100
2.5.1.41	K17104
2.5.1.42	K17105
2.4.1.300	K17192
2.4.2.51	K17193
2.4.1.299	K17194
2.3.1.219	K17211
2.3.1.211	K17212
2.5.1.134	K17216
4.4.1.2	K17217
1.8.5.4	K17218
2.8.5.2	K17222
3.1.6.20	K17224
1.14.14.35	K17228
1.8.2.3	K17229
1.21.1.1	K17231
2.4.1.291	K17248
2.4.1.292	K17249
2.4.1.293	K17250
2.4.99.19	K17251
1.8.3.4	K17285
1.3.99.33	K17363
1.5.1.47	K17364
2.7.1.203	K17464
4.3.1.29	K17468
1.14.15.13	K17474
1.14.14.118	K17475
1.14.19.8	K17476
1.14.19.70	K17483
2.3.2.21	K17484
2.3.2.22	K17485
2.1.1.269	K17486
3.1.4.56	K17487
3.5.4.39	K17488
2.7.1.183	K17547
3.1.3.96	K17623
3.2.1.97	K17624
1.13.12.20	K17643
1.1.1.349	K17644
1.14.14.116	K17645
4.2.1.142	K17646
4.2.1.143	K17646
1.1.1.353	K17647
3.1.1.94	K17648
2.1.1.109	K17649
2.1.1.110	K17650
1.14.14.117	K17651
1.1.1.352	K17652
1.14.13.32	K17689
1.14.14.55	K17689
1.14.14.56	K17689
1.14.14.57	K17689
1.14.14.53	K17719
1.3.1.1	K17722
4.1.1.6	K17724
1.13.11.18	K17725
1.14.14.78	K17726
1.14.14.94	K17726
1.14.14.177	K17731
1.1.1.108	K17735
1.1.1.250	K17738
1.1.1.252	K17739
4.2.1.94	K17740
1.1.1.283	K17741
1.1.1.289	K17742
1.1.1.307	K17743
1.1.1.430	K17743
1.1.1.431	K17743
1.1.1.316	K17744
1.1.1.325	K17745
1.1.1.332	K17746
1.1.1.340	K17747
1.1.1.286	K17753
1.1.1.163	K17754
1.1.3.17	K17755
1.1.3.20	K17756
4.2.1.93	K17757
4.2.1.136	K17758
5.1.99.6	K17759
1.1.9.1	K17760
6.3.1.12	K17810
5.5.1.16	K17811
3.6.1.56	K17816
1.1.1.287	K17818
1.2.1.82	K17819
1.14.11.38	K17825
1.14.14.119	K17826
1.14.19.71	K17827
1.3.1.14	K17828
1.3.1.86	K17829
1.3.1.101	K17830
1.3.7.11	K17830
1.4.3.20	K17831
1.2.1.86	K17832
1.5.3.18	K17833
2.7.7.86	K17834
4.1.99.20	K17835
2.3.1.59	K17840
1.13.11.59	K17842
1.5.99.13	K17851
1.13.11.62	K17862
1.13.11.60	K17863
5.4.4.5	K17863
5.4.4.6	K17864
4.2.1.55	K17865
3.1.1.97	K17868
1.6.3.4	K17869
1.6.3.3	K17870
1.6.5.12	K17872
1.14.14.115	K17873
4.2.1.121	K17874
1.14.14.152	K17875
1.14.15.11	K17876
2.7.1.119	K17880
2.7.7.46	K17881
1.8.1.15	K17883
2.7.8.39	K17884
1.8.7.2	K17892
1.10.3.11	K17893
5.4.3.5	K17898
2.7.1.190	K17910
5.2.1.14	K17911
1.13.11.68	K17912
1.13.11.69	K17913
1.13.11.70	K17913
2.3.1.227	K17939
1.14.13.182	K17940
4.1.1.99	K17942
5.1.3.25	K17947
5.1.3.24	K17948
4.99.1.8	K17949
4.4.1.25	K17950
1.14.19.53	K17951
1.14.14.58	K17961
1.14.14.59	K17961
2.3.1.254	K17972
4.2.3.144	K17982
1.11.2.3	K17991
1.12.1.3	K17992
1.12.1.5	K17993
1.12.98.4	K17995
1.12.1.4	K17997
2.3.1.230	K18001
2.3.1.262	K18003
1.17.7.2	K18010
1.4.1.11	K18012
2.3.1.247	K18013
4.3.1.14	K18014
1.2.99.8	K18020
1.13.11.9	K18028
1.17.2.1	K18029
1.13.11.61	K18031
1.13.11.65	K18048
1.13.11.73	K18049
1.13.12.5	K18053
1.14.11.24	K18054
1.14.11.25	K18054
1.14.11.30	K18055
1.14.11.35	K18056
1.14.11.36	K18057
1.14.11.39	K18058
1.14.11.42	K18066
1.3.1.64	K18067
1.14.12.7	K18068
1.14.13.242	K18071
1.14.12.15	K18074
1.3.1.53	K18076
1.14.13.170	K18091
1.14.13.171	K18091
2.3.1.228	K18096
2.3.1.229	K18096
1.1.1.156	K18097
4.2.1.146	K18102
4.1.2.54	K18103
6.5.1.5	K18105
1.1.1.372	K18107
4.2.3.111	K18108
4.2.3.90	K18109
4.2.3.96	K18110
4.2.3.89	K18111
4.2.1.138	K18111
4.2.3.137	K18112
4.2.3.131	K18113
2.5.1.28	K18114
4.2.1.137	K18115
4.2.3.51	K18116
4.2.3.88	K18117
2.8.3.18	K18118
4.1.3.16	K18123
1.1.1.360	K18124
1.1.1.359	K18125
2.7.1.178	K18126
4.1.2.51	K18127
1.2.1.89	K18128
3.5.1.116	K18151
3.2.2.5	K18153
4.2.2.23	K18195
4.2.2.24	K18198
4.2.1.103	K18199
4.3.2.5	K18200
2.7.1.81	K18201
4.2.3.134	K18202
2.1.1.233	K18203
1.1.99.39	K18204
3.2.1.185	K18205
3.2.1.187	K18206
2.4.1.312	K18207
1.6.3.5	K18208
1.3.4.1	K18209
1.14.13.231	K18221
1.14.13.227	K18223
1.14.13.92	K18229
5.3.1.29	K18237
3.3.2.13	K18239
4.1.3.45	K18240
1.14.13.172	K18242
1.14.19.5	K18247
1.13.11.64	K18250
4.1.1.69	K18256
1.3.1.49	K18257
1.5.1.25	K18258
1.2.1.78	K18275
1.14.13.148	K18277
2.5.1.107	K18279
2.1.1.293	K18280
3.2.2.30	K18284
2.5.1.120	K18285
3.5.4.40	K18286
4.1.2.56	K18287
4.2.1.56	K18290
2.3.1.17	K18309
6.3.1.17	K18310
6.3.2.41	K18310
6.3.2.42	K18311
5.3.99.7	K18312
2.8.3.20	K18313
4.1.3.46	K18314
1.14.20.3	K18315
6.3.3.6	K18316
2.3.1.226	K18317
4.2.1.68	K18334
3.7.1.26	K18336
1.1.1.378	K18337
1.1.1.377	K18337
1.1.1.173	K18337
3.1.1.65	K18338
1.2.1.58	K18355
1.17.5.1	K18361
3.1.2.25	K18361
4.2.1.132	K18364
4.1.3.43	K18365
1.8.1.18	K18367
1.14.13.226	K18371
3.1.1.114	K18372
4.1.2.61	K18383
4.2.1.77	K18384
4.1.3.41	K18425
4.1.1.94	K18426
4.1.1.83	K18427
3.2.1.184	K18429
2.5.1.101	K18430
2.7.7.82	K18431
3.6.1.61	K18445
3.6.1.25	K18446
3.6.1.21	K18447
3.6.1.18	K18453
3.5.1.115	K18455
3.5.4.32	K18456
3.5.1.101	K18457
3.5.1.114	K18458
3.5.3.17	K18459
2.1.1.322	K18477
2.7.1.184	K18478
5.3.1.31	K18479
3.5.1.100	K18540
3.5.1.86	K18541
3.4.24.66	K18542
3.4.24.67	K18543
3.4.21.80	K18544
3.4.21.81	K18545
3.4.21.82	K18548
3.4.21.63	K18549
3.1.3.99	K18550
1.3.1.6	K18556
3.4.11.26	K18573
3.4.14.12	K18574
3.3.2.2	K18575
3.2.1.151	K18576
3.2.1.152	K18577
3.2.1.155	K18578
3.2.1.164	K18579
3.2.1.171	K18580
3.2.1.180	K18581
3.4.19.14	K18592
6.2.1.56	K18593
1.1.3.12	K18607
2.6.1.30	K18608
1.1.1.107	K18609
3.1.1.27	K18610
1.1.99.42	K18611
1.2.1.100	K18612
4.1.1.51	K18613
3.5.1.29	K18614
3.2.1.82	K18650
3.2.1.150	K18651
1.1.1.361	K18652
2.6.1.104	K18653
3.1.3.92	K18654
6.2.1.76	K18660
2.7.1.85	K18673
2.7.1.157	K18674
2.4.1.280	K18675
2.7.1.8	K18676
2.7.1.44	K18677
2.7.1.182	K18678
4.2.1.152	K18684
5.4.4.7	K18684
4.2.3.145	K18685
4.2.3.146	K18686
6.2.1.41	K18687
6.2.1.42	K18688
2.7.1.185	K18689
2.7.1.186	K18690
3.1.4.2	K18695
3.1.2.29	K18700
2.8.4.2	K18701
2.8.3.19	K18702
2.8.3.13	K18703
2.7.8.14	K18704
2.7.8.47	K18704
2.7.8.32	K18706
3.1.3.108	K18764
3.2.1.64	K18775
2.4.2.48	K18779
2.4.1.279	K18783
2.4.1.282	K18784
2.4.1.319	K18785
2.4.1.320	K18785
2.4.1.321	K18786
2.5.1.79	K18787
2.4.1.303	K18788
2.4.2.41	K18789
3.6.4.7	K18798
1.14.13.240	K18800
2.1.1.112	K18801
2.1.1.85	K18803
2.1.1.59	K18804
2.7.1.163	K18817
2.4.1.269	K18818
2.4.1.123	K18819
2.4.1.161	K18820
2.3.1.200	K18821
2.4.1.272	K18822
2.4.1.273	K18823
2.1.1.60	K18826
2.1.1.294	K18827
2.7.1.181	K18827
2.1.1.179	K18845
2.1.1.180	K18846
2.2.1.8	K18847
2.1.1.278	K18848
2.1.1.286	K18849
1.14.11.47	K18850
2.3.1.122	K18851
2.3.1.36	K18852
1.5.99.15	K18853
2.3.1.306	K18854
1.1.1.374	K18855
6.3.2.35	K18856
2.3.1.195	K18858
2.1.1.175	K18883
2.1.1.261	K18884
2.1.1.275	K18885
2.1.1.276	K18886
2.1.1.156	K18896
2.1.1.157	K18897
5.1.3.30	K18910
5.1.3.31	K18910
2.1.1.44	K18911
1.14.99.50	K18912
4.4.1.36	K18913
1.18.1.6	K18914
1.16.1.10	K18915
1.20.1.1	K18916
1.20.4.3	K18917
2.4.2.57	K18931
4.1.1.29	K18966
1.2.1.90	K18978
1.3.1.105	K18980
1.1.1.203	K18981
5.4.1.4	K18982
5.5.1.27	K18983
2.4.1.337	K19002
2.4.1.336	K19003
5.4.99.47	K19010
5.4.99.48	K19011
4.2.2.5	K19049
4.2.2.7	K19050
4.2.2.8	K19051
4.2.2.19	K19053
1.4.1.18	K19064
1.14.13.23	K19065
1.3.8.10	K19066
1.3.8.11	K19067
1.1.1.367	K19068
1.1.99.18	K19069
1.2.7.10	K19070
1.3.1.75	K19073
2.5.1.38	K19104
5.1.1.14	K19105
3.1.4.44	K19179
1.1.1.339	K19180
1.1.1.292	K19181
1.3.1.100	K19182
1.5.1.44	K19183
2.3.1.205	K19184
1.5.99.14	K19185
3.7.1.19	K19188
1.14.13.10	K19189
1.1.1.328	K19190
1.5.3.19	K19191
1.14.11.63	K19219
3.4.22.47	K19237
1.1.1.388	K19243
3.1.3.22	K19270
3.1.3.50	K19270
2.8.3.26	K19280
1.5.1.39	K19286
2.4.1.33	K19290
3.4.24.39	K19305
2.1.1.309	K19306
2.1.1.313	K19307
2.1.1.312	K19308
1.14.99.54	K19356
2.7.7.88	K19376
2.1.1.375	K19376
2.7.1.86	K19386
2.7.14.1	K19405
6.3.2.60	K19412
2.7.1.64	K19517
4.1.1.100	K19546
5.3.3.19	K19547
1.1.1.385	K19548
2.6.1.105	K19563
2.4.1.331	K19566
2.1.1.305	K19567
2.1.1.306	K19568
2.1.1.307	K19569
2.3.1.108	K19573
2.1.1.299	K19579
2.3.1.233	K19580
1.1.1.427	K19590
1.1.1.257	K19629
1.2.1.62	K19630
1.1.1.365	K19634
1.1.1.366	K19635
1.1.1.317	K19639
1.1.1.291	K19647
1.1.1.301	K19648
1.1.1.327	K19649
1.1.1.331	K19650
1.1.1.334	K19651
1.1.1.344	K19652
1.1.1.347	K19653
1.1.1.358	K19654
2.7.7.67	K19664
2.7.8.38	K19665
3.11.1.3	K19669
3.11.1.2	K19670
2.4.2.44	K19696
1.2.1.73	K19699
1.2.1.83	K19700
3.4.11.24	K19702
1.14.18.6	K19703
1.14.18.7	K19706
1.1.1.387	K19711
1.8.2.2	K19713
1.1.3.48	K19714
2.6.1.109	K19715
3.5.3.25	K19723
5.1.1.19	K19724
2.6.99.3	K19725
6.3.3.5	K19727
1.5.1.49	K19742
1.5.1.1	K19743
1.4.1.25	K19744
1.4.99.6	K19746
2.1.1.22	K19787
2.6.1.108	K19793
3.5.2.1	K19794
3.5.1.95	K19795
2.1.2.8	K19796
2.7.4.12	K19797
5.1.1.20	K19802
2.7.4.29	K19803
1.5.1.48	K19809
5.4.3.9	K19814
1.5.3.22	K19817
1.5.99.4	K19818
1.7.3.1	K19823
1.3.1.102	K19825
1.5.3.5	K19826
4.2.3.36	K19834
5.5.1.15	K19835
3.5.1.131	K19837
5.3.2.4	K19853
2.6.1.89	K19854
2.3.1.196	K19861
2.3.1.232	K19861
3.1.1.98	K19882
1.4.3.23	K19884
1.21.98.2	K19885
1.13.12.17	K19886
4.3.3.5	K19888
2.1.1.164	K19889
1.5.3.6	K19890
1.14.13.225	K19947
3.4.24.12	K19957
3.4.24.74	K19959
1.1.1.245	K19960
1.1.1.258	K19961
1.2.1.63	K19962
3.5.1.117	K19963
3.13.1.4	K19966
4.1.2.42	K19967
4.2.3.106	K19968
4.2.3.152	K19969
5.1.3.35	K19974
2.7.1.187	K19978
2.7.1.188	K19979
5.1.3.26	K19997
1.11.1.25	K20011
4.4.1.28	K20021
4.2.1.158	K20022
4.2.1.156	K20023
5.1.3.34	K20024
4.2.1.157	K20025
6.2.1.44	K20034
1.3.99.41	K20035
4.2.1.155	K20036
4.3.99.4	K20038
4.1.1.102	K20039
2.1.1.139	K20082
2.6.1.122	K20084
1.14.13.217	K20089
1.14.13.224	K20090
3.4.24.89	K20109
3.4.19.15	K20110
3.4.21.120	K20111
2.7.1.204	K20112
2.7.4.27	K20115
2.7.11.32	K20115
3.4.21.12	K20136
3.4.21.74	K20137
3.4.24.76	K20138
3.4.24.73	K20139
6.4.1.7	K20140
1.1.1.386	K20142
1.3.1.95	K20143
1.3.1.122	K20144
1.3.1.107	K20145
1.5.1.42	K20146
1.14.14.10	K20147
1.13.11.50	K20148
1.14.11.28	K20149
1.16.9.1	K20150
1.1.1.355	K20152
1.1.3.38	K20153
1.1.99.29	K20154
1.5.3.21	K20155
1.3.8.16	K20156
1.14.11.40	K20157
1.4.2.3	K20158
1.4.2.2	K20169
1.2.1.96	K20199
3.9.1.2	K20201
1.8.1.19	K20202
1.10.3.15	K20204
1.10.3.4	K20204
1.11.1.13	K20205
1.11.1.18	K20206
1.11.1.22	K20207
1.11.2.5	K20208
1.13.11.47	K20209
2.1.1.98	K20215
2.1.1.317	K20238
2.3.1.248	K20239
2.3.1.249	K20240
1.21.3.10	K20246
3.1.2.32	K20257
3.3.2.15	K20261
1.10.3.16	K20262
2.1.1.349	K20331
4.1.1.38	K20370
6.2.1.35	K20415
1.14.19.42	K20416
1.14.19.43	K20417
1.14.11.45	K20418
6.3.1.18	K20419
1.14.15.31	K20420
2.1.1.303	K20421
2.3.1.237	K20422
6.2.1.43	K20423
2.7.7.91	K20427
5.1.3.33	K20431
2.7.1.214	K20433
2.5.1.135	K20436
3.1.3.101	K20437
2.4.1.338	K20438
1.17.1.5	K20445
1.3.7.1	K20449
5.4.99.4	K20450
5.3.3.6	K20451
4.2.1.85	K20452
4.1.3.32	K20454
4.2.1.117	K20455
6.2.1.37	K20458
1.14.14.130	K20496
1.14.15.14	K20497
3.13.1.5	K20499
4.3.1.28	K20500
1.21.3.7	K20501
1.21.3.8	K20502
2.3.1.206	K20503
4.2.3.148	K20504
4.2.3.149	K20504
4.2.3.150	K20505
4.2.3.151	K20505
4.2.99.22	K20506
4.2.99.23	K20507
4.4.1.26	K20508
7.2.4.1	K20509
2.1.3.10	K20510
1.14.13.146	K20512
1.14.14.175	K20513
4.2.3.45	K20514
4.2.3.147	K20515
4.2.1.133	K20516
4.2.3.140	K20517
4.2.3.141	K20519
4.2.2.26	K20525
1.14.14.129	K20544
1.14.14.120	K20545
1.14.14.121	K20546
1.2.1.92	K20548
5.5.1.25	K20549
1.1.3.42	K20550
5.5.1.20	K20550
1.14.19.52	K20559
1.14.14.150	K20561
1.1.3.44	K20565
2.6.1.95	K20567
2.6.1.94	K20568
2.4.1.301	K20573
1.14.11.37	K20574
6.1.2.2	K20579
4.2.2.25	K20610
1.3.99.37	K20611
1.14.11.41	K20612
4.2.1.95	K20613
4.2.1.127	K20614
5.4.4.4	K20614
4.2.1.145	K20615
2.5.1.150	K20616
1.14.14.161	K20618
1.14.14.166	K20621
1.14.14.171	K20622
1.14.14.49	K20624
4.2.1.112	K20625
4.2.1.54	K20626
1.14.19.77	K20656
1.14.14.48	K20665
1.14.14.126	K20667
5.4.99.59	K20678
5.3.2.3	K20679
2.6.1.90	K20680
2.3.1.197	K20681
2.1.1.236	K20682
5.3.3.13	K20706
5.1.1.5	K20707
5.1.1.21	K20708
5.4.3.10	K20709
5.4.4.3	K20712
4.4.1.33	K20713
3.4.23.22	K20737
3.4.22.6	K20738
3.4.22.30	K20739
3.4.22.25	K20740
3.4.22.50	K20741
3.4.14.13	K20742
3.4.23.32	K20743
3.4.24.31	K20744
3.4.24.49	K20745
3.4.24.42	K20746
3.4.24.43	K20747
3.4.24.58	K20748
3.4.24.32	K20749
3.4.11.25	K20750
3.4.21.99	K20751
3.4.21.49	K20752
3.4.21.86	K20753
3.4.21.111	K20754
3.4.21.121	K20755
3.4.21.103	K20756
4.3.1.27	K20757
3.7.1.23	K20758
3.1.1.91	K20759
3.5.5.8	K20760
3.5.99.8	K20763
3.5.99.9	K20764
3.7.1.18	K20765
3.5.5.5	K20766
1.14.14.168	K20767
2.4.2.58	K20782
2.3.1.255	K20791
2.3.1.258	K20793
2.3.1.309	K20793
2.3.1.257	K20794
2.1.1.386	K20798
4.1.2.49	K20801
3.5.5.6	K20806
2.4.1.9	K20811
3.2.2.29	K20813
3.5.1.119	K20814
3.5.2.19	K20816
3.5.1.83	K20817
3.2.1.176	K20829
3.2.1.178	K20830
3.2.1.179	K20831
3.2.1.181	K20832
3.2.1.167	K20833
3.2.1.186	K20834
3.2.1.188	K20835
3.2.1.191	K20836
3.3.2.14	K20837
2.3.1.80	K20838
3.1.21.8	K20841
3.1.21.9	K20842
3.2.1.32	K20845
3.2.1.83	K20846
3.2.1.94	K20847
3.2.1.153	K20848
3.2.1.154	K20849
3.2.1.157	K20850
3.2.1.158	K20851
3.2.1.161	K20852
3.2.1.162	K20853
3.1.4.57	K20859
3.1.3.102	K20860
3.1.3.104	K20860
2.7.11.34	K20875
2.8.3.24	K20882
2.4.1.341	K20883
2.4.1.339	K20885
2.4.1.340	K20885
1.1.1.403	K20900
2.7.1.209	K20901
2.7.1.210	K20902
4.2.1.167	K20903
5.4.99.64	K20906
1.1.1.400	K20927
1.2.1.98	K20928
1.2.3.15	K20929
4.2.1.166	K20930
3.5.99.11	K20931
1.7.2.7	K20932
1.7.2.8	K20935
1.1.2.9	K20936
1.1.5.11	K20937
1.14.14.28	K20938
1.1.1.397	K20939
1.14.13.218	K20940
4.1.1.103	K20941
1.14.14.27	K20942
1.14.13.219	K20943
1.14.13.220	K20944
3.1.7.11	K20979
1.14.14.124	K20980
1.14.14.125	K20980
2.3.1.161	K20981
2.3.1.238	K20983
2.3.1.244	K20984
3.1.2.31	K20985
3.6.1.68	K20986
3.1.1.92	K20990
3.1.1.90	K20991
3.1.1.88	K20992
2.8.2.37	K21014
2.8.2.36	K21015
3.1.1.87	K21018
3.1.1.80	K21026
2.8.1.14	K21027
2.7.7.40	K21030
1.14.11.52	K21036
2.4.2.61	K21052
1.1.1.402	K21054
3.1.3.103	K21055
2.7.1.212	K21056
2.7.1.213	K21057
3.1.1.100	K21058
6.2.1.51	K21059
3.5.4.22	K21062
3.2.1.197	K21065
1.14.14.31	K21069
1.14.19.65	K21070
3.4.21.97	K21078
1.1.1.398	K21101
1.3.1.112	K21102
2.1.1.327	K21103
3.1.1.101	K21104
3.1.1.102	K21105
4.4.1.34	K21106
6.2.1.47	K21107
1.14.15.8	K21114
1.14.14.133	K21120
2.3.1.259	K21121
1.1.1.356	K21130
4.2.1.168	K21131
3.2.1.198	K21132
3.13.1.6	K21140
1.14.15.22	K21146
2.5.1.113	K21148
1.3.1.96	K21149
1.3.1.97	K21150
2.5.1.103	K21151
2.5.1.109	K21152
2.5.1.94	K21153
2.5.1.98	K21154
5.4.3.6	K21181
1.14.14.15	K21184
1.14.11.46	K21195
1.14.15.27	K21199
1.14.20.8	K21202
2.1.1.323	K21203
2.1.1.330	K21204
1.14.14.131	K21205
1.14.14.132	K21206
1.14.19.72	K21207
1.14.19.50	K21208
1.3.7.13	K21231
1.14.13.211	K21267
1.1.3.49	K21270
1.1.1.394	K21271
1.14.13.222	K21272
2.5.1.88	K21273
1.14.13.223	K21280
1.14.14.30	K21281
2.1.1.328	K21282
2.7.7.97	K21284
2.7.8.44	K21285
3.5.1.122	K21286
3.5.1.123	K21287
1.14.14.69	K21291
1.14.14.184	K21295
2.4.1.333	K21298
2.4.2.55	K21299
2.5.1.45	K21300
1.3.98.4	K21301
2.7.8.40	K21303
2.4.1.153	K21304
2.4.1.335	K21305
2.4.99.21	K21306
1.8.5.6	K21307
2.1.1.334	K21310
2.1.1.336	K21311
1.17.98.2	K21312
1.14.13.230	K21317
1.14.13.229	K21323
1.14.19.48	K21323
2.5.1.121	K21338
2.5.1.122	K21339
2.5.1.123	K21340
2.5.1.124	K21341
2.5.1.125	K21341
4.2.3.154	K21342
2.4.1.268	K21349
2.4.1.329	K21350
2.4.1.99	K21351
2.4.1.243	K21352
2.4.1.248	K21353
2.4.1.330	K21354
2.4.1.332	K21355
4.2.1.170	K21359
2.4.1.184	K21362
2.4.1.305	K21363
2.4.1.304	K21364
2.4.1.306	K21365
2.4.1.308	K21367
2.4.1.309	K21368
2.4.1.270	K21369
2.4.1.253	K21370
2.4.1.271	K21371
2.4.1.286	K21372
2.4.1.323	K21373
2.4.1.324	K21374
1.3.3.13	K21375
1.14.13.189	K21376
2.1.1.302	K21377
2.3.1.194	K21378
2.3.1.209	K21379
2.3.1.224	K21380
2.3.1.236	K21381
2.3.2.20	K21382
2.3.1.215	K21383
2.3.1.177	K21384
2.3.1.208	K21384
2.3.1.216	K21385
2.3.1.220	K21386
2.3.1.263	K21399
1.3.99.38	K21401
2.3.2.29	K21420
2.3.1.140	K21425
2.1.1.318	K21426
2.1.1.316	K21427
2.2.1.12	K21428
2.1.1.281	K21457
2.1.1.300	K21458
2.1.1.301	K21459
2.1.1.304	K21460
1.14.15.20	K21480
1.14.99.57	K21481
2.1.1.273	K21482
2.1.1.274	K21483
2.1.1.277	K21485
2.7.4.13	K21500
2.1.1.270	K21513
2.1.1.208	K21514
2.1.1.209	K21515
2.4.1.26	K21521
3.2.2.17	K21522
4.4.1.42	K21534
2.1.1.237	K21539
2.1.1.238	K21540
2.1.1.262	K21541
2.1.1.263	K21542
2.1.1.129	K21549
2.1.1.69	K21550
2.1.1.106	K21551
2.1.1.165	K21552
2.1.1.154	K21553
1.23.1.1	K21568
1.23.1.2	K21568
1.23.1.3	K21568
1.23.1.4	K21568
1.14.15.1	K21569
1.18.1.5	K21570
2.1.1.337	K21580
2.1.1.338	K21581
2.1.1.339	K21582
2.6.1.111	K21585
2.5.1.138	K21587
2.5.1.139	K21588
3.5.4.46	K21589
2.5.1.136	K21590
2.7.8.45	K21591
2.7.8.46	K21592
3.5.4.45	K21593
3.5.1.127	K21604
2.5.1.137	K21605
3.2.1.202	K21606
1.1.1.404	K21607
6.3.3.7	K21610
6.4.1.9	K21612
1.14.11.56	K21614
1.14.11.57	K21615
1.1.1.407	K21616
5.1.1.22	K21617
1.1.99.40	K21618
5.1.2.7	K21619
1.1.1.16	K21620
2.7.1.101	K21621
5.1.3.40	K21622
4.4.1.35	K21623
1.1.98.6	K21636
1.4.3.25	K21639
1.21.99.5	K21647
1.4.1.12	K21672
1.4.1.26	K21672
1.17.5.2	K21673
1.17.2.2	K21676
1.17.8.1	K21677
4.2.3.156	K21679
1.1.1.137	K21680
1.2.1.51	K21682
1.14.13.210	K21683
1.14.13.209	K21684
1.14.14.97	K21692
1.14.14.98	K21693
1.1.1.406	K21702
1.14.18.4	K21704
1.14.19.10	K21705
1.14.19.12	K21706
1.14.19.13	K21707
1.14.19.14	K21708
1.14.19.15	K21709
1.14.19.16	K21710
1.14.99.53	K21713
1.14.14.141	K21714
1.14.14.148	K21715
1.14.14.114	K21716
1.14.14.113	K21717
1.14.14.122	K21718
1.14.14.70	K21719
1.14.14.68	K21719
1.14.14.182	K21720
1.5.1.51	K21721
1.14.13.178	K21722
1.14.13.179	K21723
1.14.13.128	K21724
1.14.13.166	K21725
1.14.13.167	K21725
1.14.13.29	K21726
1.14.11.43	K21728
1.14.11.44	K21729
1.14.13.160	K21730
1.14.14.108	K21731
1.14.19.4	K21732
1.14.19.19	K21733
1.14.19.29	K21734
1.14.19.30	K21735
1.14.19.33	K21736
1.14.19.34	K21736
1.14.19.38	K21737
1.14.19.47	K21737
2.7.7.92	K21749
1.13.11.45	K21794
1.13.12.9	K21795
1.3.7.6	K21796
1.2.1.67	K21802
1.13.12.19	K21815
1.14.20.7	K21815
1.8.98.3	K21816
1.3.99.36	K21818
1.5.1.46	K21819
1.11.2.1	K21820
1.13.11.48	K21821
1.13.11.82	K21822
1.13.12.13	K21823
1.5.7.3	K21833
1.1.98.5	K21835
1.1.99.6	K21836
1.1.1.326	K21837
1.3.1.92	K21838
1.3.1.103	K21839
1.1.3.5	K21840
1.1.1.401	K21883
1.8.5.1	K21888
2.1.1.94	K21895
2.1.1.99	K21896
3.4.24.52	K21897
5.1.1.12	K21898
4.2.1.110	K21899
5.1.3.38	K21909
5.3.1.33	K21910
5.3.1.34	K21911
4.2.3.117	K21925
4.2.3.105	K21925
4.2.3.112	K21926
4.2.3.125	K21927
4.2.3.126	K21927
5.4.99.55	K21928
4.2.3.113	K21930
4.2.3.114	K21931
4.2.3.94	K21933
2.3.3.19	K21934
2.3.1.264	K21935
2.1.1.342	K21936
2.1.1.340	K21937
4.2.3.107	K21938
4.2.3.110	K21939
5.4.99.46	K21940
5.4.99.49	K21941
5.4.99.50	K21942
5.4.99.51	K21943
2.8.1.15	K21947
2.7.1.217	K21948
2.5.1.140	K21949
4.2.3.97	K21978
4.2.3.98	K21979
4.2.3.100	K21980
4.2.3.121	K21981
4.2.3.128	K21982
4.2.3.136	K21983
4.2.3.138	K21984
4.2.3.139	K21985
4.2.3.143	K21986
5.3.3.7	K22002
4.1.1.113	K22004
4.99.1.11	K22011
6.3.5.12	K22012
4.99.1.10	K22013
1.17.98.4	K22015
1.1.1.408	K22024
1.1.1.409	K22024
1.1.1.410	K22025
1.14.13.235	K22027
1.14.99.56	K22032
4.2.3.82	K22035
4.2.3.83	K22035
4.2.3.31	K22052
4.2.3.52	K22053
4.2.3.65	K22054
4.2.3.68	K22055
4.2.3.84	K22055
4.2.3.85	K22055
4.2.3.74	K22056
4.2.3.77	K22057
4.2.3.91	K22058
4.2.3.127	K22058
4.2.3.129	K22058
4.2.3.92	K22059
4.2.3.95	K22060
4.2.3.123	K22061
4.2.3.135	K22062
4.2.3.133	K22065
3.2.1.107	K22078
3.4.21.84	K22079
3.4.21.85	K22080
2.1.1.21	K22081
1.5.99.5	K22084
1.3.3.8	K22089
1.14.19.54	K22093
1.5.1.27	K22093
1.14.14.163	K22094
2.3.1.285	K22095
1.14.14.167	K22096
3.1.1.105	K22097
1.1.1.415	K22098
4.2.1.160	K22100
4.1.2.60	K22101
4.1.2.59	K22102
6.3.2.46	K22113
6.3.2.47	K22114
6.3.2.48	K22115
2.7.1.219	K22129
2.7.1.220	K22129
4.1.1.104	K22130
5.3.1.35	K22131
6.2.1.8	K22133
1.5.98.3	K22158
1.5.7.2	K22162
1.1.98.4	K22171
1.1.1.175	K22185
3.1.3.63	K22200
3.13.2.3	K22205
4.2.1.81	K22209
4.2.1.48	K22210
4.1.1.101	K22212
4.1.1.52	K22213
2.8.3.27	K22214
1.1.1.120	K22215
1.14.14.21	K22219
1.14.14.22	K22220
4.1.1.111	K22225
1.3.98.6	K22227
3.2.1.7	K22245
2.3.1.110	K22246
2.3.1.136	K22247
2.4.1.231	K22248
3.1.1.76	K22249
1.1.1.135	K22252
3.2.1.60	K22253
2.1.1.343	K22269
1.14.13.24	K22270
3.4.21.98	K22273
3.2.1.75	K22276
3.5.1.104	K22278
3.2.1.119	K22279
3.1.3.105	K22292
1.14.11.77	K22303
3.1.3.85	K22306
3.2.1.204	K22307
3.2.1.205	K22308
2.1.1.344	K22309
2.3.2.30	K22310
2.3.1.265	K22311
2.8.2.39	K22312
3.1.7.12	K22313
3.4.19.16	K22314
2.3.3.20	K22317
4.1.1.114	K22318
6.1.3.1	K22319
1.1.1.412	K22320
2.8.2.38	K22321
1.1.1.413	K22322
1.1.99.41	K22323
1.14.13.237	K22324
1.14.15.23	K22325
1.14.14.104	K22326
4.1.1.108	K22327
4.1.1.109	K22328
1.17.1.11	K22338
1.14.13.238	K22342
4.3.1.9	K22345
1.8.1.20	K22347
1.14.13.69	K22353
4.4.1.23	K22363
1.8.1.5	K22364
1.14.14.50	K22365
5.1.2.1	K22373
1.1.1.285	K22374
4.1.2.28	K22397
1.14.11.6	K22406
3.5.1.136	K22408
2.5.1.142	K22423
2.7.3.13	K22424
3.2.1.206	K22425
2.4.1.350	K22426
4.1.1.53	K22427
1.3.1.108	K22430
1.14.99.59	K22434
2.7.1.222	K22435
2.1.1.345	K22436
2.1.1.145	K22438
2.1.1.169	K22439
2.1.1.232	K22440
2.3.1.68	K22442
1.14.13.239	K22443
1.2.99.10	K22445
2.6.1.14	K22457
1.13.11.84	K22458
1.3.1.113	K22462
2.3.1.277	K22463
4.1.1.106	K22464
4.1.99.23	K22465
4.2.3.195	K22467
2.7.4.34	K22468
1.8.5.8	K22470
1.1.5.5	K22473
1.13.12.18	K22500
4.2.3.191	K22542
2.1.1.15	K22545
1.14.99.15	K22553
1.14.11.82	K22570
2.1.1.387	K22571
1.1.1.437	K22572
3.13.1.7	K22576
2.1.1.347	K22577
2.1.5.1	K22578
2.7.9.6	K22579
3.1.1.103	K22580
6.3.2.50	K22581
2.3.1.268	K22586
4.3.1.16	K22589
2.1.1.47	K22590
2.4.1.352	K22597
2.6.1.114	K22598
3.4.23.16	K22599
3.4.23.47	K22599
2.1.3.5	K22601
3.5.1.126	K22602
1.1.1.52	K22604
1.1.1.392	K22605
1.1.1.391	K22606
1.1.1.393	K22607
1.14.11.58	K22616
2.3.1.270	K22617
1.13.12.24	K22619
1.14.14.63	K22620
1.14.14.64	K22621
1.8.2.6	K22622
1.14.14.62	K22634
1.14.14.60	K22635
1.14.14.65	K22635
1.14.14.67	K22637
1.14.14.61	K22638
4.5.1.1	K22678
1.13.11.85	K22690
1.14.14.72	K22691
1.14.19.57	K22692
1.14.19.58	K22693
1.14.19.59	K22694
1.14.19.60	K22695
2.4.2.59	K22699
2.4.1.354	K22706
2.4.1.353	K22707
2.4.1.355	K22708
2.4.1.53	K22709
2.4.1.70	K22710
1.14.19.56	K22712
2.4.1.370	K22721
2.7.1.227	K22723
2.7.1.228	K22725
2.4.1.159	K22772
2.4.1.239	K22794
2.3.1.288	K22795
2.3.1.273	K22797
4.1.1.110	K22813
2.7.7.100	K22837
2.3.1.272	K22838
2.5.1.146	K22841
2.3.1.271	K22842
2.4.1.356	K22844
2.4.1.357	K22845
2.8.5.1	K22847
1.14.20.9	K22874
1.14.20.10	K22874
1.14.19.61	K22875
1.14.20.11	K22876
1.14.20.12	K22877
1.14.14.77	K22880
2.3.1.33	K22888
1.18.6.2	K22896
2.8.2.40	K22905
3.7.1.4	K22906
3.1.4.59	K22927
4.2.3.192	K22929
4.2.3.193	K22930
5.5.1.29	K22931
1.14.14.88	K22932
4.2.3.183	K22945
4.2.1.173	K22946
4.2.3.186	K22947
5.5.1.28	K22948
2.4.1.358	K22950
4.1.99.24	K22952
4.1.99.25	K22953
4.1.1.59	K22958
1.7.6.1	K22962
5.4.4.8	K22963
5.4.99.65	K22964
5.4.99.66	K22965
3.6.2.1	K22966
4.2.3.194	K22967
5.5.1.31	K22971
5.5.1.32	K22971
5.5.1.33	K22971
4.2.3.164	K22978
1.14.19.74	K22995
1.14.20.14	K22996
1.14.99.61	K22997
1.14.99.62	K22998
1.1.1.414	K23005
1.13.11.86	K23019
1.14.14.155	K23020
4.2.3.160	K23021
4.2.3.161	K23022
4.2.3.163	K23023
4.2.3.171	K23023
4.2.3.166	K23024
7.1.3.1	K23025
4.2.3.170	K23030
4.2.3.175	K23031
4.2.3.176	K23032
1.14.19.27	K23036
4.2.1.174	K23042
4.2.3.157	K23043
4.2.3.181	K23044
4.2.3.182	K23045
4.2.3.187	K23046
2.1.1.231	K23053
1.14.19.28	K23054
1.11.1.17	K23075
1.8.1.16	K23076
2.1.1.350	K23078
2.4.1.359	K23079
3.2.1.144	K23082
3.2.1.208	K23086
2.5.1.130	K23094
2.1.1.329	K23095
1.1.1.110	K23109
4.2.1.175	K23110
1.13.11.87	K23117
1.14.19.75	K23119
2.5.1.152	K23120
4.2.1.172	K23121
1.5.1.52	K23122
1.14.14.159	K23134
1.14.14.160	K23134
1.14.14.164	K23136
1.14.14.165	K23137
2.3.1.276	K23144
1.14.11.60	K23145
1.1.1.59	K23146
2.7.1.223	K23147
2.7.1.224	K23148
3.1.1.104	K23149
3.5.1.129	K23150
2.5.1.148	K23152
2.1.1.351	K23153
2.4.1.360	K23154
2.5.1.149	K23155
2.3.1.278	K23156
2.3.1.279	K23156
2.1.1.352	K23157
6.3.2.53	K23169
5.1.1.23	K23170
4.2.3.196	K23171
4.2.3.198	K23172
4.2.3.199	K23173
4.2.3.200	K23174
4.6.1.20	K23175
1.14.14.170	K23177
1.14.14.169	K23178
1.14.19.76	K23179
7.2.2.18	K23184
7.2.2.17	K23188
1.1.1.201	K23231
1.1.1.324	K23232
1.5.1.11	K23233
1.5.1.23	K23235
1.1.1.420	K23244
1.1.1.421	K23245
3.1.1.115	K23246
2.7.1.231	K23247
4.1.1.120	K23248
7.2.2.15	K23254
3.6.1.69	K23258
1.1.1.80	K23259
2.4.1.128	K23260
2.4.1.116	K23261
1.1.3.10	K23272
1.1.5.14	K23273
1.14.14.85	K23276
2.3.1.144	K23277
2.4.1.136	K23279
2.4.1.351	K23280
3.4.17.17	K23355
3.5.1.84	K23359
1.13.11.88	K23363
1.14.15.37	K23364
2.3.1.281	K23365
2.7.1.226	K23370
2.7.1.225	K23371
6.3.2.54	K23372
4.1.1.117	K23373
6.3.2.55	K23374
6.3.2.56	K23375
1.14.11.62	K23378
4.1.1.115	K23384
4.1.1.116	K23385
2.1.1.353	K23394
2.4.1.361	K23395
2.4.1.362	K23396
2.6.1.115	K23397
2.3.1.282	K23414
2.3.1.283	K23415
2.3.1.284	K23416
3.4.17.24	K23435
6.3.2.58	K23446
6.3.2.57	K23447
1.3.1.36	K23493
1.11.1.14	K23515
1.14.11.48	K23516
1.14.13.16	K23517
3.1.1.106	K23518
3.7.1.24	K23519
2.4.1.363	K23520
2.4.1.364	K23521
2.4.1.365	K23522
2.4.1.366	K23523
2.4.1.367	K23524
2.4.1.368	K23525
1.6.5.6	K23528
1.6.5.7	K23529
4.2.3.201	K23530
4.2.3.202	K23530
4.2.3.203	K23530
1.14.13.246	K23556
1.1.1.417	K23557
1.1.1.418	K23558
6.3.2.40	K23627
3.1.1.107	K23721
3.1.1.109	K23723
4.2.3.174	K23724
4.2.3.204	K23724
2.4.1.369	K23725
3.5.1.133	K23726
2.3.1.291	K23727
3.1.3.106	K23736
1.3.1.120	K23738
3.2.1.209	K23741
3.4.24.33	K23743
2.3.1.289	K23744
2.3.1.290	K23747
1.14.99.65	K23752
2.7.4.33	K23753
4.2.3.197	K23754
2.4.2.62	K23800
5.5.1.34	K23862
4.2.3.205	K23873
5.4.99.67	K23874
6.2.1.60	K23875
5.6.1.9	K23876
1.3.1.123	K23968
2.1.1.363	K23973
2.4.1.372	K23974
2.8.1.16	K23975
3.1.1.112	K23978
3.2.1.210	K23979
3.4.13.23	K23980
2.4.1.373	K23981
2.4.1.374	K23982
2.7.1.230	K23983
3.1.3.107	K23984
1.1.1.419	K23990
1.1.2.10	K23995
1.14.11.71	K23996
2.7.7.104	K23999
1.14.11.70	K24001
1.3.1.121	K24002
1.14.13.247	K24003
7.1.1.4	K24009
1.3.8.15	K24016
3.2.1.213	K24100
6.2.1.63	K24101
6.2.1.62	K24110
1.1.98.7	K24118
1.11.1.26	K24119
1.11.1.29	K24120
1.14.18.12	K24121
1.17.99.8	K24122
3.1.3.91	K24242
5.1.3.28	K24258
4.1.1.121	K24268
4.1.2.62	K24269
2.6.1.119	K24276
2.3.2.35	K24277
1.11.2.6	K24287
2.1.1.365	K24288
3.2.1.214	K24289
1.13.11.90	K24290
1.14.11.72	K24291
1.14.14.172	K24293
1.8.2.7	K24299
1.1.1.426	K24310
2.1.1.368	K24405
2.1.1.369	K24406
2.1.1.372	K24407
6.2.1.65	K24408
6.2.2.1	K24409
6.2.2.2	K24411
6.2.2.3	K24411
1.14.14.174	K24441
1.1.1.424	K24442
3.1.1.68	K24443
1.14.11.74	K24448
1.14.11.75	K24449
1.17.9.2	K24452
2.3.1.298	K24622
2.4.1.343	K24654
2.1.1.373	K24666
2.1.1.374	K24667
3.1.7.13	K24668
3.1.3.60	K24670
5.1.3.44	K24671
5.3.1.36	K24672
1.4.3.26	K24693
1.3.98.7	K24696
4.1.99.26	K24696
3.4.14.14	K24697
1.13.11.91	K24700
1.14.11.76	K24701
1.14.15.38	K24702
1.14.99.67	K24704
1.14.99.68	K24705
1.17.99.10	K24713
1.17.99.11	K24716
3.1.26.13	K24802
7.5.2.3	K24819
2.1.3.16	K24871
6.3.4.25	K24972
1.1.1.425	K24995
1.3.8.17	K24998
1.5.1.53	K25004
1.5.1.20	K25009
3.1.1.117	K25010
5.3.3.23	K25035
2.3.1.302	K25042
2.7.1.232	K25043
1.14.14.71	K25060
1.14.11.49	K25061
4.2.1.139	K25075
4.2.3.159	K25134
2.3.1.303	K25194
2.4.1.378	K25195
2.4.1.379	K25196
2.4.1.380	K25197
2.4.1.381	K25198
2.4.1.382	K25199
2.4.1.383	K25200
2.1.1.376	K25220
2.1.1.378	K25221
2.1.1.379	K25222
1.2.1.107	K25224
3.1.6.21	K25227
2.4.1.384	K25230
2.7.1.233	K25231
6.2.1.68	K25234
6.2.1.73	K25254
4.2.1.177	K25255
4.2.1.176	K25260
4.4.1.38	K25261
4.4.1.41	K25264
3.4.22.29	K25293
3.4.22.28	K25299
5.1.1.10	K25316
3.4.22.66	K25325
3.4.21.91	K25328
2.7.3.5	K25364
3.5.3.10	K25365
3.5.1.134	K25379
3.6.1.76	K25520
1.14.14.66	K25522
1.14.13.248	K25562
1.14.13.249	K25563
1.14.13.250	K25564
2.6.1.121	K25570
2.6.1.120	K25571
2.7.7.107	K25574
2.6.1.123	K25575
4.8.1.1	K25585
5.3.99.12	K25586
3.4.17.25	K25587
3.2.2.2	K25589
2.1.1.380	K25594
2.1.1.381	K25595
4.2.1.178	K25596
4.3.99.5	K25597
6.7.1.1	K25598
2.1.1.383	K25600
2.3.1.307	K25601
2.7.1.234	K25602
3.2.1.215	K25603
3.5.1.137	K25604
3.2.1.170	K25649
1.3.3.17	K25759
6.2.1.75	K25760
2.8.3.28	K25761
2.3.1.308	K25762
2.4.1.387	K25763
2.4.1.388	K25764
2.7.1.236	K25765
3.2.1.216	K25766
3.2.1.217	K25767
1.1.1.12	K25880
2.1.1.385	K25915
2.1.1.382	K25916
2.1.1.384	K25917
2.4.1.389	K25919
2.5.1.155	K25920
2.5.1.156	K25921
3.4.21.90	K25929
4.1.1.123	K25932
2.7.1.238	K25936
1.1.1.104	K25939
1.4.1.28	K25950
1.5.3.25	K25951
1.14.14.183	K25953
1.1.1.433	K25985
1.13.11.93	K25986
1.14.11.78	K25987
3.1.3.33	K25991
3.4.22.39	K26012
3.1.3.34	K26036
2.4.1.27	K26044
4.2.1.123	K26054
4.3.2.11	K26055
1.1.1.432	K26057
1.14.14.181	K26058
1.1.2.11	K26059
1.1.1.268	K26078
1.1.1.269	K26079
1.1.3.29	K26080
1.1.3.50	K26081
1.13.11.40	K26082
1.1.1.436	K26113
3.4.13.4	K26141
2.7.1.239	K26208
3.1.3.109	K26210
2.4.2.15	K26211
2.7.8.48	K26283
2.4.1.390	K26285
2.4.1.391	K26286
2.4.1.392	K26287
3.2.1.218	K26288
3.2.1.219	K26289
1.3.2.4	K26318
1.4.3.27	K26346
1.14.11.81	K26347
4.1.99.27	K26348
4.2.2.28	K26349
4.2.3.206	K26350
4.2.3.207	K26351
4.2.3.208	K26352
4.2.3.209	K26353
4.2.3.210	K26354
1.3.1.125	K26355
4.4.1.43	K26365
